composite_ID,UID,test,paradigm,theta,Age,Age_c,TSVR_hours,log_TSVR
A010_1,A010,1,IFR,2.2559497,22.0,-22.57,1.0,0.6931471805599453
A010_2,A010,2,IFR,0.063646406,22.0,-22.57,21.9,3.131136910560194
A010_3,A010,3,IFR,-0.63363457,22.0,-22.57,80.88,4.405254760793088
A010_4,A010,4,IFR,0.530237,22.0,-22.57,145.31,4.985727658390071
A011_1,A011,1,IFR,1.0253187,21.0,-23.57,1.0,0.6931471805599453
A011_2,A011,2,IFR,0.29738232,21.0,-23.57,24.57,3.2414197893030954
A011_3,A011,3,IFR,0.05539917,21.0,-23.57,72.55,4.297965447047447
A011_4,A011,4,IFR,-0.5692055,21.0,-23.57,148.85,5.009634793762673
A012_1,A012,1,IFR,1.1145911,21.0,-23.57,1.0,0.6931471805599453
A012_2,A012,2,IFR,-0.40524608,21.0,-23.57,25.6,3.2809112157876537
A012_3,A012,3,IFR,0.7902062,21.0,-23.57,166.33,5.119967910506483
A012_4,A012,4,IFR,-0.7995365,21.0,-23.57,166.87,5.123189870334323
A013_1,A013,1,IFR,-0.5856965,22.0,-22.57,1.0,0.6931471805599453
A013_2,A013,2,IFR,-0.4070654,22.0,-22.57,24.77,3.2492110246642736
A013_3,A013,3,IFR,0.7922385,22.0,-22.57,79.66,4.390242789445222
A013_4,A013,4,IFR,-1.0692434,22.0,-22.57,147.13,4.998090266593961
A014_1,A014,1,IFR,0.18263546,22.0,-22.57,1.0,0.6931471805599453
A014_2,A014,2,IFR,1.2276359,22.0,-22.57,25.66,3.2831643147505627
A014_3,A014,3,IFR,0.35754204,22.0,-22.57,70.56,4.270536258640519
A014_4,A014,4,IFR,-0.58439595,22.0,-22.57,148.87,5.009768251656904
A015_1,A015,1,IFR,1.5247837,23.0,-21.57,1.0,0.6931471805599453
A015_2,A015,2,IFR,1.7857077,23.0,-21.57,23.69,3.206398303357088
A015_3,A015,3,IFR,1.7846233,23.0,-21.57,70.59,4.270955399408094
A015_4,A015,4,IFR,-0.09274579,23.0,-21.57,146.54,4.9940993254561565
A016_1,A016,1,IFR,1.8982425,21.0,-23.57,1.0,0.6931471805599453
A016_2,A016,2,IFR,1.1705568,21.0,-23.57,32.85,3.521938999358284
A016_3,A016,3,IFR,-0.06720384,21.0,-23.57,80.64,4.402319337941644
A016_4,A016,4,IFR,-0.7857009,21.0,-23.57,150.8,5.02256386496153
A017_1,A017,1,IFR,-0.07584843,24.0,-20.57,1.0,0.6931471805599453
A017_2,A017,2,IFR,1.0087,24.0,-20.57,20.61,3.0731561705187946
A017_3,A017,3,IFR,0.22324428,24.0,-20.57,61.28,4.131640346965797
A017_4,A017,4,IFR,1.0260882,24.0,-20.57,140.49,4.952229043207861
A018_1,A018,1,IFR,0.8998065,23.0,-21.57,1.0,0.6931471805599453
A018_2,A018,2,IFR,0.46910602,23.0,-21.57,34.03,3.5562048372093953
A018_3,A018,3,IFR,-0.8570981,23.0,-21.57,83.64,4.438406968109989
A018_4,A018,4,IFR,0.042763263,23.0,-21.57,150.87,5.023024891742178
A019_1,A019,1,IFR,-0.457872,20.0,-24.57,1.0,0.6931471805599453
A019_2,A019,2,IFR,-0.7839532,20.0,-24.57,28.69,3.3908102887756684
A019_3,A019,3,IFR,-0.731604,20.0,-24.57,83.68,4.4388794462666645
A019_4,A019,4,IFR,-0.75950915,20.0,-24.57,154.76,5.048316361063944
A020_1,A020,1,IFR,0.072841056,26.0,-18.57,1.0,0.6931471805599453
A020_2,A020,2,IFR,-0.20886408,26.0,-18.57,26.85,3.326832966373293
A020_3,A020,3,IFR,-0.7968719,26.0,-18.57,78.25,4.37260741275739
A020_4,A020,4,IFR,-2.0479772,26.0,-18.57,145.78,4.9889348671169165
A021_1,A021,1,IFR,1.2711351,28.0,-16.57,1.0,0.6931471805599453
A021_2,A021,2,IFR,0.36641207,28.0,-16.57,30.21,3.440738556282688
A021_3,A021,3,IFR,0.2283193,28.0,-16.57,74.19,4.320018243389936
A021_4,A021,4,IFR,1.0181938,28.0,-16.57,140.39,4.951522029603749
A022_1,A022,1,IFR,0.16907588,28.0,-16.57,1.0,0.6931471805599453
A022_2,A022,2,IFR,0.4875518,28.0,-16.57,24.15,3.224857896545748
A022_3,A022,3,IFR,0.77547616,28.0,-16.57,74.46,4.323602714536165
A022_4,A022,4,IFR,0.44959623,28.0,-16.57,141.71,4.9608145991123
A023_1,A023,1,IFR,0.5031585,26.0,-18.57,1.0,0.6931471805599453
A023_2,A023,2,IFR,-0.1653372,26.0,-18.57,25.63,3.282038399825841
A023_3,A023,3,IFR,0.068792194,26.0,-18.57,72.2,4.293195420967266
A023_4,A023,4,IFR,0.025527501,26.0,-18.57,145.07,4.984085958862719
A024_1,A024,1,IFR,0.4014854,29.0,-15.57,1.0,0.6931471805599453
A024_2,A024,2,IFR,0.27175164,29.0,-15.57,29.57,3.420019135902743
A024_3,A024,3,IFR,0.0076772394,29.0,-15.57,91.47,4.526884267589547
A024_4,A024,4,IFR,-0.91121835,29.0,-15.57,145.65,4.9880487954234605
A025_1,A025,1,IFR,1.2585467,26.0,-18.57,1.0,0.6931471805599453
A025_2,A025,2,IFR,1.9095496,26.0,-18.57,23.33,3.1917101567954314
A025_3,A025,3,IFR,-0.28530517,26.0,-18.57,72.94,4.303253953508486
A025_4,A025,4,IFR,-0.96083295,26.0,-18.57,137.74,4.932601677957155
A026_1,A026,1,IFR,0.5969401,29.0,-15.57,1.0,0.6931471805599453
A026_2,A026,2,IFR,0.3370544,29.0,-15.57,26.48,3.3134584673541485
A026_3,A026,3,IFR,0.7356694,29.0,-15.57,75.46,4.336767728268267
A026_4,A026,4,IFR,-0.094755605,29.0,-15.57,147.65,5.001594549444107
A027_1,A027,1,IFR,0.16043636,28.0,-16.57,1.0,0.6931471805599453
A027_2,A027,2,IFR,0.46374553,28.0,-16.57,28.26,3.3762213955919784
A027_3,A027,3,IFR,-0.9193564,28.0,-16.57,74.58,4.325191697921343
A027_4,A027,4,IFR,-0.42966694,28.0,-16.57,145.92,4.989888220951467
A028_1,A028,1,IFR,1.7501152,26.0,-18.57,1.0,0.6931471805599453
A028_2,A028,2,IFR,0.095417134,26.0,-18.57,22.82,3.170525563927154
A028_3,A028,3,IFR,0.1234633,26.0,-18.57,72.26,4.294014757350668
A028_4,A028,4,IFR,-0.8479047,26.0,-18.57,138.91,4.940999358745194
A029_1,A029,1,IFR,2.242445,25.0,-19.57,1.0,0.6931471805599453
A029_2,A029,2,IFR,0.29875055,25.0,-19.57,28.43,3.382014562245381
A029_3,A029,3,IFR,1.3977594,25.0,-19.57,93.26,4.546056921495585
A029_4,A029,4,IFR,0.5618795,25.0,-19.57,143.14,4.970785049496295
A030_1,A030,1,IFR,0.12693016,31.0,-13.57,1.0,0.6931471805599453
A030_2,A030,2,IFR,0.890774,31.0,-13.57,32.95,3.5248888540047054
A030_3,A030,3,IFR,0.30001456,31.0,-13.57,71.93,4.289500076996142
A030_4,A030,4,IFR,0.70453537,31.0,-13.57,150.46,5.020321563685677
A031_1,A031,1,IFR,1.83632,32.0,-12.57,1.0,0.6931471805599453
A031_2,A031,2,IFR,-0.20975925,32.0,-12.57,32.41,3.508855256368665
A031_3,A031,3,IFR,-0.34666744,32.0,-12.57,71.56,4.2844138058068815
A031_4,A031,4,IFR,-0.9627389,32.0,-12.57,143.85,4.975698724215359
A032_1,A032,1,IFR,0.71397096,33.0,-11.57,1.0,0.6931471805599453
A032_2,A032,2,IFR,-0.325758,33.0,-11.57,57.18,4.063541653067055
A032_3,A032,3,IFR,0.41406077,33.0,-11.57,80.16,4.396422514957614
A032_4,A032,4,IFR,1.8328576,33.0,-11.57,144.51,4.980244812772187
A033_1,A033,1,IFR,0.10781428,32.0,-12.57,1.0,0.6931471805599453
A033_2,A033,2,IFR,-0.23640966,32.0,-12.57,29.16,3.4065165431397553
A033_3,A033,3,IFR,0.96893936,32.0,-12.57,72.6,4.298645025734831
A033_4,A033,4,IFR,-0.08949685,32.0,-12.57,168.33,5.131849473677249
A034_1,A034,1,IFR,1.6616325,33.0,-11.57,1.0,0.6931471805599453
A034_2,A034,2,IFR,1.3464628,33.0,-11.57,26.08,3.298795448044074
A034_3,A034,3,IFR,0.25853375,33.0,-11.57,74.28,4.3212144952771245
A034_4,A034,4,IFR,-0.10638464,33.0,-11.57,145.38,4.986205980173081
A035_1,A035,1,IFR,-0.65596753,34.0,-10.57,1.0,0.6931471805599453
A035_2,A035,2,IFR,0.8209889,34.0,-10.57,44.76,3.8234103470715426
A035_3,A035,3,IFR,-0.50477034,34.0,-10.57,79.98,4.394202210604015
A035_4,A035,4,IFR,-0.99131393,34.0,-10.57,152.47,5.033505108187003
A036_1,A036,1,IFR,0.8689254,30.0,-14.57,1.0,0.6931471805599453
A036_2,A036,2,IFR,-0.1759345,30.0,-14.57,21.63,3.119276459645446
A036_3,A036,3,IFR,-0.7087776,30.0,-14.57,71.47,4.28317268312119
A036_4,A036,4,IFR,-1.176061,30.0,-14.57,143.85,4.975698724215359
A037_1,A037,1,IFR,1.0822115,31.0,-13.57,1.0,0.6931471805599453
A037_2,A037,2,IFR,0.93259835,31.0,-13.57,23.7,3.2068032436339315
A037_3,A037,3,IFR,0.6126821,31.0,-13.57,72.08,4.291554731509806
A037_4,A037,4,IFR,-0.28599942,31.0,-13.57,143.66,4.974386161421135
A038_1,A038,1,IFR,1.1545284,32.0,-12.57,1.0,0.6931471805599453
A038_2,A038,2,IFR,-0.09438367,32.0,-12.57,71.85,4.288402532641213
A038_3,A038,3,IFR,0.9860895,32.0,-12.57,72.86,4.3021714094244174
A038_4,A038,4,IFR,-0.008316844,32.0,-12.57,152.89,5.0362380614757605
A039_1,A039,1,IFR,2.3421638,31.0,-13.57,1.0,0.6931471805599453
A039_2,A039,2,IFR,0.7976839,31.0,-13.57,28.65,3.3894621254437345
A039_3,A039,3,IFR,0.839274,31.0,-13.57,98.84,4.603568904621118
A039_4,A039,4,IFR,0.6956401,31.0,-13.57,246.24,5.510359524791073
A040_1,A040,1,IFR,-0.5817445,38.0,-6.57,1.0,0.6931471805599453
A040_2,A040,2,IFR,-0.26374146,38.0,-6.57,26.26,3.3054204262683866
A040_3,A040,3,IFR,-1.6241969,38.0,-6.57,71.28,4.280547465724028
A040_4,A040,4,IFR,-0.8882852,38.0,-6.57,143.53,4.97348709846075
A041_1,A041,1,IFR,1.2497655,35.0,-9.57,1.0,0.6931471805599453
A041_2,A041,2,IFR,-1.167476,35.0,-9.57,31.78,3.4898185733156835
A041_3,A041,3,IFR,0.075356334,35.0,-9.57,75.74,4.340423084818807
A041_4,A041,4,IFR,0.66515946,35.0,-9.57,141.84,4.961725122726247
A042_1,A042,1,IFR,-1.02681,38.0,-6.57,1.0,0.6931471805599453
A042_2,A042,2,IFR,-1.0026407,38.0,-6.57,28.93,3.3988613218646075
A042_3,A042,3,IFR,-0.5476192,38.0,-6.57,72.17,4.292785500895938
A042_4,A042,4,IFR,-0.8089415,38.0,-6.57,146.02,4.9905686319459415
A043_1,A043,1,IFR,0.9052307,38.0,-6.57,1.0,0.6931471805599453
A043_2,A043,2,IFR,0.115137,38.0,-6.57,25.62,3.2816628129669656
A043_3,A043,3,IFR,0.2997891,38.0,-6.57,64.94,4.188745237643585
A043_4,A043,4,IFR,0.048738178,38.0,-6.57,149.33,5.012832877639743
A044_1,A044,1,IFR,-0.8060287,38.0,-6.57,1.0,0.6931471805599453
A044_2,A044,2,IFR,-0.19541748,38.0,-6.57,47.66,3.8848573373553763
A044_3,A044,3,IFR,-1.4959046,38.0,-6.57,91.63,4.5286130632659365
A044_4,A044,4,IFR,-1.0974785,38.0,-6.57,155.27,5.0515852804252095
A045_1,A045,1,IFR,-0.76336116,37.0,-7.57,1.0,0.6931471805599453
A045_2,A045,2,IFR,-0.47526395,37.0,-7.57,24.66,3.2449333591874905
A045_3,A045,3,IFR,-0.4236594,37.0,-7.57,72.23,4.2936051730729785
A045_4,A045,4,IFR,-1.2165346,37.0,-7.57,151.52,5.027295734989363
A046_1,A046,1,IFR,-0.77469015,38.0,-6.57,1.0,0.6931471805599453
A046_2,A046,2,IFR,-1.245836,38.0,-6.57,24.32,3.2315945972759756
A046_3,A046,3,IFR,-1.6056858,38.0,-6.57,73.05,4.304740540713808
A046_4,A046,4,IFR,-1.0504586,38.0,-6.57,147.94,5.003543540282499
A047_1,A047,1,IFR,-0.5218471,36.0,-8.57,1.0,0.6931471805599453
A047_2,A047,2,IFR,-0.38599724,36.0,-8.57,23.46,3.1970391302590264
A047_3,A047,3,IFR,-1.1630286,36.0,-8.57,76.85,4.354783898280007
A047_4,A047,4,IFR,-0.8443499,36.0,-8.57,144.22,4.978249833952101
A048_1,A048,1,IFR,1.4464241,38.0,-6.57,1.0,0.6931471805599453
A048_2,A048,2,IFR,-0.24025916,38.0,-6.57,23.91,3.215269329274089
A048_3,A048,3,IFR,0.37180644,38.0,-6.57,81.15,4.408546844483277
A048_4,A048,4,IFR,0.32747135,38.0,-6.57,146.3,4.9924713234685845
A049_1,A049,1,IFR,1.9369724,35.0,-9.57,1.0,0.6931471805599453
A049_2,A049,2,IFR,-0.40477413,35.0,-9.57,27.12,3.336481066942464
A049_3,A049,3,IFR,0.5799155,35.0,-9.57,111.38,4.721885985684052
A049_4,A049,4,IFR,0.29279515,35.0,-9.57,168.86,5.134974568351863
A050_1,A050,1,IFR,0.10375316,41.0,-3.5700000000000003,1.0,0.6931471805599453
A050_2,A050,2,IFR,-0.20866837,41.0,-3.5700000000000003,24.73,3.2476576262936527
A050_3,A050,3,IFR,-0.78698945,41.0,-3.5700000000000003,93.39,4.547435135336853
A050_4,A050,4,IFR,-0.7662721,41.0,-3.5700000000000003,148.69,5.008566488927144
A051_1,A051,1,IFR,1.1308651,41.0,-3.5700000000000003,1.0,0.6931471805599453
A051_2,A051,2,IFR,-0.1484353,41.0,-3.5700000000000003,17.16,2.8992213731731473
A051_3,A051,3,IFR,-0.51630783,41.0,-3.5700000000000003,65.63,4.199154926574446
A051_4,A051,4,IFR,-0.24947512,41.0,-3.5700000000000003,146.99,4.997144703913756
A052_1,A052,1,IFR,0.8560208,43.0,-1.5700000000000003,1.0,0.6931471805599453
A052_2,A052,2,IFR,0.514484,43.0,-1.5700000000000003,31.76,3.4892082589848687
A052_3,A052,3,IFR,0.336497,43.0,-1.5700000000000003,80.98,4.406475315076191
A052_4,A052,4,IFR,-0.45561698,43.0,-1.5700000000000003,153.27,5.038704314023848
A053_1,A053,1,IFR,1.4144037,44.0,-0.5700000000000003,1.0,0.6931471805599453
A053_2,A053,2,IFR,0.28295353,44.0,-0.5700000000000003,32.71,3.5177945292459696
A053_3,A053,3,IFR,-0.83496577,44.0,-0.5700000000000003,78.28,4.372985890021733
A053_4,A053,4,IFR,-0.19286156,44.0,-0.5700000000000003,148.9,5.009968405108552
A054_1,A054,1,IFR,0.06454673,43.0,-1.5700000000000003,1.0,0.6931471805599453
A054_2,A054,2,IFR,0.59928095,43.0,-1.5700000000000003,16.9,2.884800712846709
A054_3,A054,3,IFR,0.76526284,43.0,-1.5700000000000003,72.83,4.3017651530710745
A054_4,A054,4,IFR,1.2983474,43.0,-1.5700000000000003,136.83,4.926021041706347
A055_1,A055,1,IFR,-0.3203487,44.0,-0.5700000000000003,1.0,0.6931471805599453
A055_2,A055,2,IFR,0.5494155,44.0,-0.5700000000000003,23.24,3.1880041612011136
A055_3,A055,3,IFR,-0.9620779,44.0,-0.5700000000000003,74.48,4.32386772050035
A055_4,A055,4,IFR,-0.9730982,44.0,-0.5700000000000003,149.21,5.012034315009963
A056_1,A056,1,IFR,0.8824607,42.0,-2.5700000000000003,1.0,0.6931471805599453
A056_2,A056,2,IFR,0.3381003,42.0,-2.5700000000000003,33.61,3.544142657647253
A056_3,A056,3,IFR,-0.26972502,42.0,-2.5700000000000003,71.46,4.283034685466931
A056_4,A056,4,IFR,-1.5637758,42.0,-2.5700000000000003,147.84,5.002871903478422
A057_1,A057,1,IFR,0.009936852,40.0,-4.57,1.0,0.6931471805599453
A057_2,A057,2,IFR,-0.7343016,40.0,-4.57,24.78,3.2495989975110415
A057_3,A057,3,IFR,-0.6061695,40.0,-4.57,73.83,4.315218874092267
A057_4,A057,4,IFR,-1.3534855,40.0,-4.57,145.06,4.984017496191964
A058_1,A058,1,IFR,1.2909634,42.0,-2.5700000000000003,1.0,0.6931471805599453
A058_2,A058,2,IFR,-1.1071848,42.0,-2.5700000000000003,22.96,3.1763857732472487
A058_3,A058,3,IFR,-0.0076611126,42.0,-2.5700000000000003,66.28,4.208863015664693
A058_4,A058,4,IFR,-0.8837645,42.0,-2.5700000000000003,143.48,4.973141089668675
A059_1,A059,1,IFR,0.98924613,43.0,-1.5700000000000003,1.0,0.6931471805599453
A059_2,A059,2,IFR,1.1210508,43.0,-1.5700000000000003,30.4,3.4468078929142076
A059_3,A059,3,IFR,1.5913445,43.0,-1.5700000000000003,79.78,4.391729410135267
A059_4,A059,4,IFR,0.5147332,43.0,-1.5700000000000003,151.93,5.029980300360032
A060_1,A060,1,IFR,0.089007095,48.0,3.4299999999999997,1.0,0.6931471805599453
A060_2,A060,2,IFR,0.9243096,48.0,3.4299999999999997,24.87,3.2530839961979376
A060_3,A060,3,IFR,-0.42468035,48.0,3.4299999999999997,94.68,4.561009290202322
A060_4,A060,4,IFR,0.6639469,48.0,3.4299999999999997,143.91,4.976112860057833
A061_1,A061,1,IFR,2.6159682,47.0,2.4299999999999997,1.0,0.6931471805599453
A061_2,A061,2,IFR,0.83355284,47.0,2.4299999999999997,35.16,3.5879535355239756
A061_3,A061,3,IFR,0.720659,47.0,2.4299999999999997,82.55,4.425445255041403
A061_4,A061,4,IFR,-0.44061255,47.0,2.4299999999999997,146.56,4.994234872728475
A062_1,A062,1,IFR,1.5698215,48.0,3.4299999999999997,1.0,0.6931471805599453
A062_2,A062,2,IFR,0.29121718,48.0,3.4299999999999997,44.69,3.8218794555751803
A062_3,A062,3,IFR,-0.99807596,48.0,3.4299999999999997,92.72,4.540311613639595
A062_4,A062,4,IFR,-1.3407863,48.0,3.4299999999999997,149.18,5.011834574671738
A063_1,A063,1,IFR,1.0055077,45.0,0.4299999999999997,1.0,0.6931471805599453
A063_2,A063,2,IFR,0.5848471,45.0,0.4299999999999997,21.98,3.1346242724206097
A063_3,A063,3,IFR,-0.0073365774,45.0,0.4299999999999997,69.99,4.262539022051294
A063_4,A063,4,IFR,-1.0480841,45.0,0.4299999999999997,141.09,4.956460659649984
A064_1,A064,1,IFR,0.9337908,47.0,2.4299999999999997,1.0,0.6931471805599453
A064_2,A064,2,IFR,1.0231495,47.0,2.4299999999999997,37.65,3.654546775033431
A064_3,A064,3,IFR,0.12078351,47.0,2.4299999999999997,82.99,4.430697744137536
A064_4,A064,4,IFR,-0.82732314,47.0,2.4299999999999997,156.21,5.057582491203423
A065_1,A065,1,IFR,-1.6313238,47.0,2.4299999999999997,1.0,0.6931471805599453
A065_2,A065,2,IFR,0.011327019,47.0,2.4299999999999997,32.31,3.5058576522055884
A065_3,A065,3,IFR,-1.3355386,47.0,2.4299999999999997,106.41,4.676653287609955
A065_4,A065,4,IFR,-2.3671904,47.0,2.4299999999999997,187.43,5.238726585134399
A066_1,A066,1,IFR,0.2606496,47.0,2.4299999999999997,1.0,0.6931471805599453
A066_2,A066,2,IFR,-0.04822852,47.0,2.4299999999999997,23.35,3.192531849528599
A066_3,A066,3,IFR,-0.73158157,47.0,2.4299999999999997,73.79,4.314684186203576
A066_4,A066,4,IFR,-1.053569,47.0,2.4299999999999997,164.93,5.111566012674697
A067_1,A067,1,IFR,0.53448457,48.0,3.4299999999999997,1.0,0.6931471805599453
A067_2,A067,2,IFR,-1.4098325,48.0,3.4299999999999997,29.91,3.431079756144025
A067_3,A067,3,IFR,-1.5651689,48.0,3.4299999999999997,73.19,4.306629370201435
A067_4,A067,4,IFR,-1.2525647,48.0,3.4299999999999997,144.19,4.978043229495596
A068_1,A068,1,IFR,1.1313976,49.0,4.43,1.0,0.6931471805599453
A068_2,A068,2,IFR,-0.6020199,49.0,4.43,30.49,3.4496700351129332
A068_3,A068,3,IFR,0.8178577,49.0,4.43,82.98,4.430578675256047
A068_4,A068,4,IFR,-0.18029927,49.0,4.43,155.59,5.053630924557352
A069_1,A069,1,IFR,-0.9453881,46.0,1.4299999999999997,1.0,0.6931471805599453
A069_2,A069,2,IFR,-1.0803355,46.0,1.4299999999999997,24.96,3.2565568918358894
A069_3,A069,3,IFR,-0.40901044,46.0,1.4299999999999997,79.75,4.391357962102766
A069_4,A069,4,IFR,-1.3295189,46.0,1.4299999999999997,140.22,4.950318958088201
A070_1,A070,1,IFR,-0.19590467,52.0,7.43,1.0,0.6931471805599453
A070_2,A070,2,IFR,0.001917907,52.0,7.43,24.25,3.228826155721369
A070_3,A070,3,IFR,-0.6862198,52.0,7.43,81.92,4.417876287567579
A070_4,A070,4,IFR,-0.76803863,52.0,7.43,149.2,5.011967739330034
A071_1,A071,1,IFR,0.8231066,50.0,5.43,1.0,0.6931471805599453
A071_2,A071,2,IFR,0.7234464,50.0,5.43,30.92,3.463232772581608
A071_3,A071,3,IFR,-0.8875053,50.0,5.43,79.96,4.3939552055391555
A071_4,A071,4,IFR,0.3867004,50.0,5.43,153.27,5.038704314023848
A072_1,A072,1,IFR,0.7837958,50.0,5.43,1.0,0.6931471805599453
A072_2,A072,2,IFR,1.3752688,50.0,5.43,33.76,3.548467300397191
A072_3,A072,3,IFR,-0.50578904,50.0,5.43,83.54,4.437224795138644
A072_4,A072,4,IFR,0.22475065,50.0,5.43,154.89,5.04915063032459
A073_1,A073,1,IFR,1.0453852,51.0,6.43,1.0,0.6931471805599453
A073_2,A073,2,IFR,-0.18324019,51.0,6.43,66.66,4.214495163352562
A073_3,A073,3,IFR,1.1016877,51.0,6.43,66.9,4.21803603456465
A073_4,A073,4,IFR,1.1862053,51.0,6.43,140.12,4.949610592258481
A074_1,A074,1,IFR,1.1920998,53.0,8.43,1.0,0.6931471805599453
A074_2,A074,2,IFR,-0.18063918,53.0,8.43,29.33,3.41213732170049
A074_3,A074,3,IFR,-0.33134934,53.0,8.43,73.02,4.30433532695801
A074_4,A074,4,IFR,-0.77555984,53.0,8.43,147.21,4.998630186968824
A075_1,A075,1,IFR,0.6835109,53.0,8.43,1.0,0.6931471805599453
A075_2,A075,2,IFR,0.15669091,53.0,8.43,28.68,3.39047341829918
A075_3,A075,3,IFR,-1.2112106,53.0,8.43,71.37,4.281791848878036
A075_4,A075,4,IFR,-0.9596083,53.0,8.43,244.53,5.5034191393614815
A076_1,A076,1,IFR,-0.23747711,54.0,9.43,1.0,0.6931471805599453
A076_2,A076,2,IFR,-0.96419734,54.0,9.43,27.3,3.342861804649192
A076_3,A076,3,IFR,-1.6650329,54.0,9.43,74.88,4.3291531450668135
A076_4,A076,4,IFR,-1.514256,54.0,9.43,149.28,5.0125002207057685
A077_1,A077,1,IFR,0.94863856,52.0,7.43,1.0,0.6931471805599453
A077_2,A077,2,IFR,-0.2102372,52.0,7.43,53.88,4.00514898341763
A077_3,A077,3,IFR,-0.27487096,52.0,7.43,78.36,4.373994462976618
A077_4,A077,4,IFR,0.36480424,52.0,7.43,149.75,5.015622835607295
A078_1,A078,1,IFR,-0.96974343,50.0,5.43,1.0,0.6931471805599453
A078_2,A078,2,IFR,0.103746764,50.0,5.43,26.17,3.3021134234382563
A078_3,A078,3,IFR,-0.52161014,50.0,5.43,72.3,4.294560608892605
A078_4,A078,4,IFR,-1.1577317,50.0,5.43,140.08,4.949327105367852
A079_1,A079,1,IFR,0.29714143,50.0,5.43,1.0,0.6931471805599453
A079_2,A079,2,IFR,-0.019604485,50.0,5.43,26.11,3.299902663510574
A079_3,A079,3,IFR,-0.63756335,50.0,5.43,74.0,4.31748811353631
A079_4,A079,4,IFR,-0.8638559,50.0,5.43,194.42,5.275151088516197
A080_1,A080,1,IFR,-0.03166884,56.0,11.43,1.0,0.6931471805599453
A080_2,A080,2,IFR,0.46226197,56.0,11.43,29.03,3.402196881995239
A080_3,A080,3,IFR,0.26095873,56.0,11.43,72.87,4.302306791540646
A080_4,A080,4,IFR,-0.27738324,56.0,11.43,145.77,4.988866735623107
A081_1,A081,1,IFR,-0.21233271,55.0,10.43,1.0,0.6931471805599453
A081_2,A081,2,IFR,-0.2756375,55.0,10.43,31.39,3.477849733183238
A081_3,A081,3,IFR,1.1896797,55.0,10.43,80.13,4.396052806406973
A081_4,A081,4,IFR,0.5770681,55.0,10.43,154.53,5.046838639056468
A082_1,A082,1,IFR,0.23409934,58.0,13.43,1.0,0.6931471805599453
A082_2,A082,2,IFR,1.3762386,58.0,13.43,27.97,3.366260811781259
A082_3,A082,3,IFR,0.45864242,58.0,13.43,75.71,4.3400320779712045
A082_4,A082,4,IFR,-0.5385982,58.0,13.43,170.25,5.143124477142335
A083_1,A083,1,IFR,2.0915012,58.0,13.43,1.0,0.6931471805599453
A083_2,A083,2,IFR,0.5282948,58.0,13.43,25.15,3.263849190510932
A083_3,A083,3,IFR,0.067734525,58.0,13.43,74.3,4.321480134805848
A083_4,A083,4,IFR,0.35439134,58.0,13.43,144.91,4.982989993275931
A084_1,A084,1,IFR,0.4183016,59.0,14.43,1.0,0.6931471805599453
A084_2,A084,2,IFR,-0.43802726,59.0,14.43,27.25,3.34109345759245
A084_3,A084,3,IFR,-0.0573422,59.0,14.43,91.97,4.532276860467767
A084_4,A084,4,IFR,-0.6182798,59.0,14.43,162.51,5.096874150546495
A085_1,A085,1,IFR,-0.031216,58.0,13.43,1.0,0.6931471805599453
A085_2,A085,2,IFR,1.1066616,58.0,13.43,24.51,3.23907053215372
A085_3,A085,3,IFR,0.061248675,58.0,13.43,71.4,4.282206299391671
A085_4,A085,4,IFR,-0.76523185,58.0,13.43,170.65,5.145457519903701
A086_1,A086,1,IFR,0.38950622,58.0,13.43,1.0,0.6931471805599453
A086_2,A086,2,IFR,-0.14577931,58.0,13.43,23.47,3.19744787745458
A086_3,A086,3,IFR,-1.0502772,58.0,13.43,145.29,4.985590952989995
A086_4,A086,4,IFR,-0.8074584,58.0,13.43,169.55,5.139028508864655
A087_1,A087,1,IFR,0.78208005,59.0,14.43,1.0,0.6931471805599453
A087_2,A087,2,IFR,1.0232055,59.0,14.43,31.07,3.4679210137050633
A087_3,A087,3,IFR,0.5696994,59.0,14.43,72.8,4.301358731606427
A087_4,A087,4,IFR,0.74973524,59.0,14.43,144.2,4.978112102390695
A088_1,A088,1,IFR,1.4914855,56.0,11.43,1.0,0.6931471805599453
A088_2,A088,2,IFR,2.2012293,56.0,11.43,24.25,3.228826155721369
A088_3,A088,3,IFR,1.2592479,56.0,11.43,74.91,4.3295484280286765
A088_4,A088,4,IFR,1.9822054,56.0,11.43,149.93,5.016816153171337
A089_1,A089,1,IFR,0.9941269,56.0,11.43,1.0,0.6931471805599453
A089_2,A089,2,IFR,1.1067888,56.0,11.43,32.14,3.500741011998417
A089_3,A089,3,IFR,0.42236474,56.0,11.43,79.34,4.386267628931136
A089_4,A089,4,IFR,-0.14824519,56.0,11.43,146.96,4.996941966964253
A090_1,A090,1,IFR,0.5147539,61.0,16.43,1.0,0.6931471805599453
A090_2,A090,2,IFR,-0.14470427,61.0,16.43,23.54,3.2003044392827653
A090_3,A090,3,IFR,-1.0755081,61.0,16.43,95.42,4.568713648977476
A090_4,A090,4,IFR,-0.72259337,61.0,16.43,144.07,4.977216384550811
A091_1,A091,1,IFR,0.56830114,63.0,18.43,1.0,0.6931471805599453
A091_2,A091,2,IFR,-0.024470944,63.0,18.43,22.2,3.1441522786722644
A091_3,A091,3,IFR,-1.0722411,63.0,18.43,73.64,4.312676556539088
A091_4,A091,4,IFR,-0.80329055,63.0,18.43,142.61,4.9671012920725275
A092_1,A092,1,IFR,-0.20546757,60.0,15.43,1.0,0.6931471805599453
A092_2,A092,2,IFR,-1.1036576,60.0,15.43,22.83,3.170945291110651
A092_3,A092,3,IFR,-0.9559158,60.0,15.43,71.31,4.28096243218686
A092_4,A092,4,IFR,-1.0151985,60.0,15.43,146.16,4.991520430236574
A093_1,A093,1,IFR,0.5351138,64.0,19.43,1.0,0.6931471805599453
A093_2,A093,2,IFR,1.1764531,64.0,19.43,22.09,3.139399623366404
A093_3,A093,3,IFR,0.49807674,64.0,19.43,70.22,4.265773677849632
A093_4,A093,4,IFR,0.36329606,64.0,19.43,140.95,4.95547488291898
A094_1,A094,1,IFR,-0.95102084,60.0,15.43,1.0,0.6931471805599453
A094_2,A094,2,IFR,-0.08161993,60.0,15.43,22.98,3.177220149599368
A094_3,A094,3,IFR,-1.1016859,60.0,15.43,76.21,4.3465289823207245
A094_4,A094,4,IFR,-0.83792824,60.0,15.43,149.99,5.017213609456379
A095_1,A095,1,IFR,1.80899,61.0,16.43,1.0,0.6931471805599453
A095_2,A095,2,IFR,-0.14235677,61.0,16.43,29.71,3.424588334452731
A095_3,A095,3,IFR,-0.18422538,61.0,16.43,78.76,4.379022125653583
A095_4,A095,4,IFR,-0.21127401,61.0,16.43,148.79,5.009234313180627
A096_1,A096,1,IFR,-0.41371152,60.0,15.43,1.0,0.6931471805599453
A096_2,A096,2,IFR,-0.7807312,60.0,15.43,24.49,3.238286218388024
A096_3,A096,3,IFR,-1.6348042,60.0,15.43,71.19,4.279301532151069
A096_4,A096,4,IFR,-1.5612783,60.0,15.43,143.66,4.974386161421135
A097_1,A097,1,IFR,0.35705918,64.0,19.43,1.0,0.6931471805599453
A097_2,A097,2,IFR,-0.31381193,64.0,19.43,24.37,3.2335673736111907
A097_3,A097,3,IFR,0.67599416,64.0,19.43,70.83,4.27430221608671
A097_4,A097,4,IFR,-0.4779618,64.0,19.43,144.85,4.98257869631373
A098_1,A098,1,IFR,0.4863022,60.0,15.43,1.0,0.6931471805599453
A098_2,A098,2,IFR,0.35508934,60.0,15.43,25.77,3.2872818575322613
A098_3,A098,3,IFR,1.2622093,60.0,15.43,78.84,4.380024632003209
A098_4,A098,4,IFR,-0.91847074,60.0,15.43,146.29,4.992403432501452
A099_1,A099,1,IFR,0.5947077,63.0,18.43,1.0,0.6931471805599453
A099_2,A099,2,IFR,0.9436256,63.0,18.43,28.75,3.392829131991639
A099_3,A099,3,IFR,0.5655428,63.0,18.43,78.57,4.3766371373894435
A099_4,A099,4,IFR,1.2966081,63.0,18.43,143.51,4.973348709310239
A100_1,A100,1,IFR,0.15649687,66.0,21.43,1.0,0.6931471805599453
A100_2,A100,2,IFR,1.812935,66.0,21.43,31.14,3.4701013603093664
A100_3,A100,3,IFR,0.31755033,66.0,21.43,75.34,4.3351970473170836
A100_4,A100,4,IFR,0.07595712,66.0,21.43,146.8,4.995860008514102
A101_1,A101,1,IFR,-0.3487501,69.0,24.43,1.0,0.6931471805599453
A101_2,A101,2,IFR,-1.0621837,69.0,24.43,29.12,3.405189402931693
A101_3,A101,3,IFR,-1.3082596,69.0,24.43,75.21,4.333492687678026
A101_4,A101,4,IFR,-0.9258172,69.0,24.43,150.22,5.018735730130124
A102_1,A102,1,IFR,-0.45942888,68.0,23.43,1.0,0.6931471805599453
A102_2,A102,2,IFR,1.2470385,68.0,23.43,29.13,3.40552135314221
A102_3,A102,3,IFR,-0.7463703,68.0,23.43,75.27,4.3342796761761475
A102_4,A102,4,IFR,0.35073677,68.0,23.43,150.41,5.019991389020281
A103_1,A103,1,IFR,1.6094108,68.0,23.43,1.0,0.6931471805599453
A103_2,A103,2,IFR,-0.4749365,68.0,23.43,27.26,3.3414473772563813
A103_3,A103,3,IFR,-1.2749491,68.0,23.43,80.24,4.397407736712184
A103_4,A103,4,IFR,-0.7590711,68.0,23.43,149.72,5.015423810828053
A104_1,A104,1,IFR,1.8006684,66.0,21.43,1.0,0.6931471805599453
A104_2,A104,2,IFR,0.63661397,66.0,21.43,22.6,3.1612467120315646
A104_3,A104,3,IFR,-0.25256342,66.0,21.43,72.62,4.298916727950875
A104_4,A104,4,IFR,-1.6931355,66.0,21.43,145.78,4.9889348671169165
A105_1,A105,1,IFR,0.6124308,68.0,23.43,1.0,0.6931471805599453
A105_2,A105,2,IFR,0.6128357,68.0,23.43,22.77,3.1684242813721024
A105_3,A105,3,IFR,-0.43068558,68.0,23.43,69.46,4.255045172913092
A105_4,A105,4,IFR,-0.08775301,68.0,23.43,146.2,4.991792206294776
A106_1,A106,1,IFR,1.270947,66.0,21.43,1.0,0.6931471805599453
A106_2,A106,2,IFR,-0.42703262,66.0,21.43,22.64,3.1629401925378975
A106_3,A106,3,IFR,0.37435147,66.0,21.43,66.08,4.205885936955008
A106_4,A106,4,IFR,1.085603,66.0,21.43,147.13,4.998090266593961
A107_1,A107,1,IFR,-0.8262498,70.0,25.43,1.0,0.6931471805599453
A107_2,A107,2,IFR,-1.2923126,70.0,25.43,26.22,3.30395199722332
A107_3,A107,3,IFR,-0.8783097,70.0,25.43,71.45,4.282896668766692
A107_4,A107,4,IFR,-0.54525477,70.0,25.43,145.95,4.990092392864926
A108_1,A108,1,IFR,-0.5137304,69.0,24.43,1.0,0.6931471805599453
A108_2,A108,2,IFR,-0.843856,69.0,24.43,27.61,3.3537563070620187
A108_3,A108,3,IFR,-0.07909426,69.0,24.43,68.96,4.247923650150401
A108_4,A108,4,IFR,-1.6712129,69.0,24.43,152.12,5.031221927704644
A109_1,A109,1,IFR,-0.14437068,68.0,23.43,1.0,0.6931471805599453
A109_2,A109,2,IFR,-1.270778,68.0,23.43,24.65,3.2445435716167785
A109_3,A109,3,IFR,0.009080338,68.0,23.43,71.17,4.279024447084182
A109_4,A109,4,IFR,-1.5646012,68.0,23.43,149.87,5.016418538851983
A010_1,A010,1,ICR,2.3076186,22.0,-22.57,1.0,0.6931471805599453
A010_2,A010,2,ICR,0.50561595,22.0,-22.57,21.9,3.131136910560194
A010_3,A010,3,ICR,-0.34386626,22.0,-22.57,80.88,4.405254760793088
A010_4,A010,4,ICR,0.39210933,22.0,-22.57,145.31,4.985727658390071
A011_1,A011,1,ICR,0.5639205,21.0,-23.57,1.0,0.6931471805599453
A011_2,A011,2,ICR,-0.21693763,21.0,-23.57,24.57,3.2414197893030954
A011_3,A011,3,ICR,-0.11885676,21.0,-23.57,72.55,4.297965447047447
A011_4,A011,4,ICR,-0.40435803,21.0,-23.57,148.85,5.009634793762673
A012_1,A012,1,ICR,0.84081537,21.0,-23.57,1.0,0.6931471805599453
A012_2,A012,2,ICR,-0.011747679,21.0,-23.57,25.6,3.2809112157876537
A012_3,A012,3,ICR,0.46904305,21.0,-23.57,166.33,5.119967910506483
A012_4,A012,4,ICR,-1.1657566,21.0,-23.57,166.87,5.123189870334323
A013_1,A013,1,ICR,-0.06196794,22.0,-22.57,1.0,0.6931471805599453
A013_2,A013,2,ICR,-0.72638094,22.0,-22.57,24.77,3.2492110246642736
A013_3,A013,3,ICR,1.0730467,22.0,-22.57,79.66,4.390242789445222
A013_4,A013,4,ICR,-1.4795078,22.0,-22.57,147.13,4.998090266593961
A014_1,A014,1,ICR,0.5662233,22.0,-22.57,1.0,0.6931471805599453
A014_2,A014,2,ICR,1.1082016,22.0,-22.57,25.66,3.2831643147505627
A014_3,A014,3,ICR,0.03844115,22.0,-22.57,70.56,4.270536258640519
A014_4,A014,4,ICR,-0.97037005,22.0,-22.57,148.87,5.009768251656904
A015_1,A015,1,ICR,1.659924,23.0,-21.57,1.0,0.6931471805599453
A015_2,A015,2,ICR,1.7755525,23.0,-21.57,23.69,3.206398303357088
A015_3,A015,3,ICR,1.6194718,23.0,-21.57,70.59,4.270955399408094
A015_4,A015,4,ICR,-0.014565401,23.0,-21.57,146.54,4.9940993254561565
A016_1,A016,1,ICR,1.3016679,21.0,-23.57,1.0,0.6931471805599453
A016_2,A016,2,ICR,1.4167509,21.0,-23.57,32.85,3.521938999358284
A016_3,A016,3,ICR,-0.14719886,21.0,-23.57,80.64,4.402319337941644
A016_4,A016,4,ICR,-1.0612006,21.0,-23.57,150.8,5.02256386496153
A017_1,A017,1,ICR,-0.64893633,24.0,-20.57,1.0,0.6931471805599453
A017_2,A017,2,ICR,0.68695086,24.0,-20.57,20.61,3.0731561705187946
A017_3,A017,3,ICR,0.23617989,24.0,-20.57,61.28,4.131640346965797
A017_4,A017,4,ICR,1.1511014,24.0,-20.57,140.49,4.952229043207861
A018_1,A018,1,ICR,1.2432209,23.0,-21.57,1.0,0.6931471805599453
A018_2,A018,2,ICR,0.6348993,23.0,-21.57,34.03,3.5562048372093953
A018_3,A018,3,ICR,-0.3062067,23.0,-21.57,83.64,4.438406968109989
A018_4,A018,4,ICR,0.14981274,23.0,-21.57,150.87,5.023024891742178
A019_1,A019,1,ICR,-0.40954873,20.0,-24.57,1.0,0.6931471805599453
A019_2,A019,2,ICR,-0.72419274,20.0,-24.57,28.69,3.3908102887756684
A019_3,A019,3,ICR,-0.7890297,20.0,-24.57,83.68,4.4388794462666645
A019_4,A019,4,ICR,-0.43077806,20.0,-24.57,154.76,5.048316361063944
A020_1,A020,1,ICR,-0.19779886,26.0,-18.57,1.0,0.6931471805599453
A020_2,A020,2,ICR,0.26416394,26.0,-18.57,26.85,3.326832966373293
A020_3,A020,3,ICR,-0.7218849,26.0,-18.57,78.25,4.37260741275739
A020_4,A020,4,ICR,-2.0933332,26.0,-18.57,145.78,4.9889348671169165
A021_1,A021,1,ICR,1.0224657,28.0,-16.57,1.0,0.6931471805599453
A021_2,A021,2,ICR,0.23119716,28.0,-16.57,30.21,3.440738556282688
A021_3,A021,3,ICR,-0.09928185,28.0,-16.57,74.19,4.320018243389936
A021_4,A021,4,ICR,0.77135384,28.0,-16.57,140.39,4.951522029603749
A022_1,A022,1,ICR,0.08487166,28.0,-16.57,1.0,0.6931471805599453
A022_2,A022,2,ICR,0.80793685,28.0,-16.57,24.15,3.224857896545748
A022_3,A022,3,ICR,0.55696887,28.0,-16.57,74.46,4.323602714536165
A022_4,A022,4,ICR,0.63891745,28.0,-16.57,141.71,4.9608145991123
A023_1,A023,1,ICR,0.8567801,26.0,-18.57,1.0,0.6931471805599453
A023_2,A023,2,ICR,0.26234666,26.0,-18.57,25.63,3.282038399825841
A023_3,A023,3,ICR,0.40942284,26.0,-18.57,72.2,4.293195420967266
A023_4,A023,4,ICR,0.22926755,26.0,-18.57,145.07,4.984085958862719
A024_1,A024,1,ICR,-0.18276915,29.0,-15.57,1.0,0.6931471805599453
A024_2,A024,2,ICR,0.632458,29.0,-15.57,29.57,3.420019135902743
A024_3,A024,3,ICR,-0.5480257,29.0,-15.57,91.47,4.526884267589547
A024_4,A024,4,ICR,-1.3661549,29.0,-15.57,145.65,4.9880487954234605
A025_1,A025,1,ICR,1.6351862,26.0,-18.57,1.0,0.6931471805599453
A025_2,A025,2,ICR,1.7770549,26.0,-18.57,23.33,3.1917101567954314
A025_3,A025,3,ICR,-0.15167001,26.0,-18.57,72.94,4.303253953508486
A025_4,A025,4,ICR,-0.76431817,26.0,-18.57,137.74,4.932601677957155
A026_1,A026,1,ICR,1.1173441,29.0,-15.57,1.0,0.6931471805599453
A026_2,A026,2,ICR,0.28154746,29.0,-15.57,26.48,3.3134584673541485
A026_3,A026,3,ICR,0.8135648,29.0,-15.57,75.46,4.336767728268267
A026_4,A026,4,ICR,-0.47460285,29.0,-15.57,147.65,5.001594549444107
A027_1,A027,1,ICR,0.56165755,28.0,-16.57,1.0,0.6931471805599453
A027_2,A027,2,ICR,0.6846959,28.0,-16.57,28.26,3.3762213955919784
A027_3,A027,3,ICR,-0.94683594,28.0,-16.57,74.58,4.325191697921343
A027_4,A027,4,ICR,-0.47532603,28.0,-16.57,145.92,4.989888220951467
A028_1,A028,1,ICR,2.2565992,26.0,-18.57,1.0,0.6931471805599453
A028_2,A028,2,ICR,-0.061017342,26.0,-18.57,22.82,3.170525563927154
A028_3,A028,3,ICR,0.45241958,26.0,-18.57,72.26,4.294014757350668
A028_4,A028,4,ICR,-0.528568,26.0,-18.57,138.91,4.940999358745194
A029_1,A029,1,ICR,1.9823364,25.0,-19.57,1.0,0.6931471805599453
A029_2,A029,2,ICR,0.30846474,25.0,-19.57,28.43,3.382014562245381
A029_3,A029,3,ICR,1.6233219,25.0,-19.57,93.26,4.546056921495585
A029_4,A029,4,ICR,0.09506731,25.0,-19.57,143.14,4.970785049496295
A030_1,A030,1,ICR,0.42693013,31.0,-13.57,1.0,0.6931471805599453
A030_2,A030,2,ICR,0.69716036,31.0,-13.57,32.95,3.5248888540047054
A030_3,A030,3,ICR,0.42517364,31.0,-13.57,71.93,4.289500076996142
A030_4,A030,4,ICR,0.6671635,31.0,-13.57,150.46,5.020321563685677
A031_1,A031,1,ICR,1.4814626,32.0,-12.57,1.0,0.6931471805599453
A031_2,A031,2,ICR,0.110624164,32.0,-12.57,32.41,3.508855256368665
A031_3,A031,3,ICR,-0.1332235,32.0,-12.57,71.56,4.2844138058068815
A031_4,A031,4,ICR,-1.0655026,32.0,-12.57,143.85,4.975698724215359
A032_1,A032,1,ICR,0.9454206,33.0,-11.57,1.0,0.6931471805599453
A032_2,A032,2,ICR,-0.39917567,33.0,-11.57,57.18,4.063541653067055
A032_3,A032,3,ICR,0.39128196,33.0,-11.57,80.16,4.396422514957614
A032_4,A032,4,ICR,1.7303392,33.0,-11.57,144.51,4.980244812772187
A033_1,A033,1,ICR,0.14129296,32.0,-12.57,1.0,0.6931471805599453
A033_2,A033,2,ICR,0.38250932,32.0,-12.57,29.16,3.4065165431397553
A033_3,A033,3,ICR,0.8144951,32.0,-12.57,72.6,4.298645025734831
A033_4,A033,4,ICR,-0.39993677,32.0,-12.57,168.33,5.131849473677249
A034_1,A034,1,ICR,1.903067,33.0,-11.57,1.0,0.6931471805599453
A034_2,A034,2,ICR,1.1695625,33.0,-11.57,26.08,3.298795448044074
A034_3,A034,3,ICR,0.31177452,33.0,-11.57,74.28,4.3212144952771245
A034_4,A034,4,ICR,-0.009669799,33.0,-11.57,145.38,4.986205980173081
A035_1,A035,1,ICR,-0.5415187,34.0,-10.57,1.0,0.6931471805599453
A035_2,A035,2,ICR,1.0356543,34.0,-10.57,44.76,3.8234103470715426
A035_3,A035,3,ICR,-0.39255425,34.0,-10.57,79.98,4.394202210604015
A035_4,A035,4,ICR,-0.92812026,34.0,-10.57,152.47,5.033505108187003
A036_1,A036,1,ICR,1.2325392,30.0,-14.57,1.0,0.6931471805599453
A036_2,A036,2,ICR,-0.050014295,30.0,-14.57,21.63,3.119276459645446
A036_3,A036,3,ICR,-0.21859926,30.0,-14.57,71.47,4.28317268312119
A036_4,A036,4,ICR,-1.234061,30.0,-14.57,143.85,4.975698724215359
A037_1,A037,1,ICR,1.258741,31.0,-13.57,1.0,0.6931471805599453
A037_2,A037,2,ICR,0.58575517,31.0,-13.57,23.7,3.2068032436339315
A037_3,A037,3,ICR,0.20267418,31.0,-13.57,72.08,4.291554731509806
A037_4,A037,4,ICR,-0.4808938,31.0,-13.57,143.66,4.974386161421135
A038_1,A038,1,ICR,1.1368554,32.0,-12.57,1.0,0.6931471805599453
A038_2,A038,2,ICR,-0.15929624,32.0,-12.57,71.85,4.288402532641213
A038_3,A038,3,ICR,0.93710977,32.0,-12.57,72.86,4.3021714094244174
A038_4,A038,4,ICR,-0.112696126,32.0,-12.57,152.89,5.0362380614757605
A039_1,A039,1,ICR,2.1386986,31.0,-13.57,1.0,0.6931471805599453
A039_2,A039,2,ICR,0.99968016,31.0,-13.57,28.65,3.3894621254437345
A039_3,A039,3,ICR,0.8152755,31.0,-13.57,98.84,4.603568904621118
A039_4,A039,4,ICR,0.87478536,31.0,-13.57,246.24,5.510359524791073
A040_1,A040,1,ICR,-0.49256238,38.0,-6.57,1.0,0.6931471805599453
A040_2,A040,2,ICR,-0.38509324,38.0,-6.57,26.26,3.3054204262683866
A040_3,A040,3,ICR,-1.3090754,38.0,-6.57,71.28,4.280547465724028
A040_4,A040,4,ICR,-1.4733402,38.0,-6.57,143.53,4.97348709846075
A041_1,A041,1,ICR,1.4855708,35.0,-9.57,1.0,0.6931471805599453
A041_2,A041,2,ICR,-0.81649363,35.0,-9.57,31.78,3.4898185733156835
A041_3,A041,3,ICR,0.18753728,35.0,-9.57,75.74,4.340423084818807
A041_4,A041,4,ICR,0.48835725,35.0,-9.57,141.84,4.961725122726247
A042_1,A042,1,ICR,-0.6895237,38.0,-6.57,1.0,0.6931471805599453
A042_2,A042,2,ICR,-0.9664004,38.0,-6.57,28.93,3.3988613218646075
A042_3,A042,3,ICR,-0.6056565,38.0,-6.57,72.17,4.292785500895938
A042_4,A042,4,ICR,-1.1014373,38.0,-6.57,146.02,4.9905686319459415
A043_1,A043,1,ICR,0.899163,38.0,-6.57,1.0,0.6931471805599453
A043_2,A043,2,ICR,0.034321833,38.0,-6.57,25.62,3.2816628129669656
A043_3,A043,3,ICR,0.037855305,38.0,-6.57,64.94,4.188745237643585
A043_4,A043,4,ICR,-0.11178535,38.0,-6.57,149.33,5.012832877639743
A044_1,A044,1,ICR,-0.4346427,38.0,-6.57,1.0,0.6931471805599453
A044_2,A044,2,ICR,-0.3329901,38.0,-6.57,47.66,3.8848573373553763
A044_3,A044,3,ICR,-1.7054782,38.0,-6.57,91.63,4.5286130632659365
A044_4,A044,4,ICR,-0.9379744,38.0,-6.57,155.27,5.0515852804252095
A045_1,A045,1,ICR,-0.45263797,37.0,-7.57,1.0,0.6931471805599453
A045_2,A045,2,ICR,-0.82860243,37.0,-7.57,24.66,3.2449333591874905
A045_3,A045,3,ICR,-0.43453157,37.0,-7.57,72.23,4.2936051730729785
A045_4,A045,4,ICR,-0.81670034,37.0,-7.57,151.52,5.027295734989363
A046_1,A046,1,ICR,-0.7534626,38.0,-6.57,1.0,0.6931471805599453
A046_2,A046,2,ICR,-1.6854773,38.0,-6.57,24.32,3.2315945972759756
A046_3,A046,3,ICR,-2.0226305,38.0,-6.57,73.05,4.304740540713808
A046_4,A046,4,ICR,-1.145097,38.0,-6.57,147.94,5.003543540282499
A047_1,A047,1,ICR,-0.2947177,36.0,-8.57,1.0,0.6931471805599453
A047_2,A047,2,ICR,-0.074646346,36.0,-8.57,23.46,3.1970391302590264
A047_3,A047,3,ICR,-1.0434045,36.0,-8.57,76.85,4.354783898280007
A047_4,A047,4,ICR,-1.3391343,36.0,-8.57,144.22,4.978249833952101
A048_1,A048,1,ICR,1.3396158,38.0,-6.57,1.0,0.6931471805599453
A048_2,A048,2,ICR,-0.045005087,38.0,-6.57,23.91,3.215269329274089
A048_3,A048,3,ICR,-0.04359406,38.0,-6.57,81.15,4.408546844483277
A048_4,A048,4,ICR,0.53243536,38.0,-6.57,146.3,4.9924713234685845
A049_1,A049,1,ICR,2.1185856,35.0,-9.57,1.0,0.6931471805599453
A049_2,A049,2,ICR,-0.50056607,35.0,-9.57,27.12,3.336481066942464
A049_3,A049,3,ICR,0.64186585,35.0,-9.57,111.38,4.721885985684052
A049_4,A049,4,ICR,-0.14295964,35.0,-9.57,168.86,5.134974568351863
A050_1,A050,1,ICR,-0.081971474,41.0,-3.5700000000000003,1.0,0.6931471805599453
A050_2,A050,2,ICR,-0.26677322,41.0,-3.5700000000000003,24.73,3.2476576262936527
A050_3,A050,3,ICR,-0.98047173,41.0,-3.5700000000000003,93.39,4.547435135336853
A050_4,A050,4,ICR,-0.5670056,41.0,-3.5700000000000003,148.69,5.008566488927144
A051_1,A051,1,ICR,1.7813605,41.0,-3.5700000000000003,1.0,0.6931471805599453
A051_2,A051,2,ICR,0.20063995,41.0,-3.5700000000000003,17.16,2.8992213731731473
A051_3,A051,3,ICR,-0.3531045,41.0,-3.5700000000000003,65.63,4.199154926574446
A051_4,A051,4,ICR,-0.077873945,41.0,-3.5700000000000003,146.99,4.997144703913756
A052_1,A052,1,ICR,0.66354376,43.0,-1.5700000000000003,1.0,0.6931471805599453
A052_2,A052,2,ICR,-0.25498182,43.0,-1.5700000000000003,31.76,3.4892082589848687
A052_3,A052,3,ICR,0.36897573,43.0,-1.5700000000000003,80.98,4.406475315076191
A052_4,A052,4,ICR,-0.78321314,43.0,-1.5700000000000003,153.27,5.038704314023848
A053_1,A053,1,ICR,1.2605083,44.0,-0.5700000000000003,1.0,0.6931471805599453
A053_2,A053,2,ICR,1.0534477,44.0,-0.5700000000000003,32.71,3.5177945292459696
A053_3,A053,3,ICR,-0.6444452,44.0,-0.5700000000000003,78.28,4.372985890021733
A053_4,A053,4,ICR,-0.034559526,44.0,-0.5700000000000003,148.9,5.009968405108552
A054_1,A054,1,ICR,0.31915054,43.0,-1.5700000000000003,1.0,0.6931471805599453
A054_2,A054,2,ICR,0.45086184,43.0,-1.5700000000000003,16.9,2.884800712846709
A054_3,A054,3,ICR,0.7501586,43.0,-1.5700000000000003,72.83,4.3017651530710745
A054_4,A054,4,ICR,1.2492504,43.0,-1.5700000000000003,136.83,4.926021041706347
A055_1,A055,1,ICR,0.041222192,44.0,-0.5700000000000003,1.0,0.6931471805599453
A055_2,A055,2,ICR,1.2471511,44.0,-0.5700000000000003,23.24,3.1880041612011136
A055_3,A055,3,ICR,-0.31288907,44.0,-0.5700000000000003,74.48,4.32386772050035
A055_4,A055,4,ICR,-1.554973,44.0,-0.5700000000000003,149.21,5.012034315009963
A056_1,A056,1,ICR,0.9120589,42.0,-2.5700000000000003,1.0,0.6931471805599453
A056_2,A056,2,ICR,-0.018810825,42.0,-2.5700000000000003,33.61,3.544142657647253
A056_3,A056,3,ICR,0.29311848,42.0,-2.5700000000000003,71.46,4.283034685466931
A056_4,A056,4,ICR,-1.1334265,42.0,-2.5700000000000003,147.84,5.002871903478422
A057_1,A057,1,ICR,-0.05232748,40.0,-4.57,1.0,0.6931471805599453
A057_2,A057,2,ICR,-0.85586286,40.0,-4.57,24.78,3.2495989975110415
A057_3,A057,3,ICR,-0.5226535,40.0,-4.57,73.83,4.315218874092267
A057_4,A057,4,ICR,-1.2877662,40.0,-4.57,145.06,4.984017496191964
A058_1,A058,1,ICR,1.6296768,42.0,-2.5700000000000003,1.0,0.6931471805599453
A058_2,A058,2,ICR,-0.682836,42.0,-2.5700000000000003,22.96,3.1763857732472487
A058_3,A058,3,ICR,-0.061592907,42.0,-2.5700000000000003,66.28,4.208863015664693
A058_4,A058,4,ICR,-0.7328553,42.0,-2.5700000000000003,143.48,4.973141089668675
A059_1,A059,1,ICR,0.8768439,43.0,-1.5700000000000003,1.0,0.6931471805599453
A059_2,A059,2,ICR,1.4401908,43.0,-1.5700000000000003,30.4,3.4468078929142076
A059_3,A059,3,ICR,2.004653,43.0,-1.5700000000000003,79.78,4.391729410135267
A059_4,A059,4,ICR,0.0840155,43.0,-1.5700000000000003,151.93,5.029980300360032
A060_1,A060,1,ICR,-0.034585696,48.0,3.4299999999999997,1.0,0.6931471805599453
A060_2,A060,2,ICR,0.75584376,48.0,3.4299999999999997,24.87,3.2530839961979376
A060_3,A060,3,ICR,-0.2604367,48.0,3.4299999999999997,94.68,4.561009290202322
A060_4,A060,4,ICR,0.36166513,48.0,3.4299999999999997,143.91,4.976112860057833
A061_1,A061,1,ICR,2.3680613,47.0,2.4299999999999997,1.0,0.6931471805599453
A061_2,A061,2,ICR,0.9821358,47.0,2.4299999999999997,35.16,3.5879535355239756
A061_3,A061,3,ICR,0.64583325,47.0,2.4299999999999997,82.55,4.425445255041403
A061_4,A061,4,ICR,-0.63718915,47.0,2.4299999999999997,146.56,4.994234872728475
A062_1,A062,1,ICR,1.4751632,48.0,3.4299999999999997,1.0,0.6931471805599453
A062_2,A062,2,ICR,0.39018252,48.0,3.4299999999999997,44.69,3.8218794555751803
A062_3,A062,3,ICR,-0.94510424,48.0,3.4299999999999997,92.72,4.540311613639595
A062_4,A062,4,ICR,-0.8798419,48.0,3.4299999999999997,149.18,5.011834574671738
A063_1,A063,1,ICR,1.2077117,45.0,0.4299999999999997,1.0,0.6931471805599453
A063_2,A063,2,ICR,1.3568763,45.0,0.4299999999999997,21.98,3.1346242724206097
A063_3,A063,3,ICR,0.070884176,45.0,0.4299999999999997,69.99,4.262539022051294
A063_4,A063,4,ICR,-1.0678395,45.0,0.4299999999999997,141.09,4.956460659649984
A064_1,A064,1,ICR,1.2809386,47.0,2.4299999999999997,1.0,0.6931471805599453
A064_2,A064,2,ICR,0.7598011,47.0,2.4299999999999997,37.65,3.654546775033431
A064_3,A064,3,ICR,0.16164199,47.0,2.4299999999999997,82.99,4.430697744137536
A064_4,A064,4,ICR,-0.7334007,47.0,2.4299999999999997,156.21,5.057582491203423
A065_1,A065,1,ICR,-1.8375293,47.0,2.4299999999999997,1.0,0.6931471805599453
A065_2,A065,2,ICR,-0.0030232137,47.0,2.4299999999999997,32.31,3.5058576522055884
A065_3,A065,3,ICR,-1.2474006,47.0,2.4299999999999997,106.41,4.676653287609955
A065_4,A065,4,ICR,-2.2587807,47.0,2.4299999999999997,187.43,5.238726585134399
A066_1,A066,1,ICR,-0.14587693,47.0,2.4299999999999997,1.0,0.6931471805599453
A066_2,A066,2,ICR,-0.5350211,47.0,2.4299999999999997,23.35,3.192531849528599
A066_3,A066,3,ICR,-1.1306067,47.0,2.4299999999999997,73.79,4.314684186203576
A066_4,A066,4,ICR,-1.4549768,47.0,2.4299999999999997,164.93,5.111566012674697
A067_1,A067,1,ICR,0.20703617,48.0,3.4299999999999997,1.0,0.6931471805599453
A067_2,A067,2,ICR,-1.5590602,48.0,3.4299999999999997,29.91,3.431079756144025
A067_3,A067,3,ICR,-1.4660316,48.0,3.4299999999999997,73.19,4.306629370201435
A067_4,A067,4,ICR,-1.5478401,48.0,3.4299999999999997,144.19,4.978043229495596
A068_1,A068,1,ICR,1.4069263,49.0,4.43,1.0,0.6931471805599453
A068_2,A068,2,ICR,-0.21608391,49.0,4.43,30.49,3.4496700351129332
A068_3,A068,3,ICR,0.7251277,49.0,4.43,82.98,4.430578675256047
A068_4,A068,4,ICR,-0.44046012,49.0,4.43,155.59,5.053630924557352
A069_1,A069,1,ICR,-0.8156367,46.0,1.4299999999999997,1.0,0.6931471805599453
A069_2,A069,2,ICR,-1.003427,46.0,1.4299999999999997,24.96,3.2565568918358894
A069_3,A069,3,ICR,-0.15258345,46.0,1.4299999999999997,79.75,4.391357962102766
A069_4,A069,4,ICR,-1.1634574,46.0,1.4299999999999997,140.22,4.950318958088201
A070_1,A070,1,ICR,0.17281204,52.0,7.43,1.0,0.6931471805599453
A070_2,A070,2,ICR,0.050464932,52.0,7.43,24.25,3.228826155721369
A070_3,A070,3,ICR,-1.109818,52.0,7.43,81.92,4.417876287567579
A070_4,A070,4,ICR,-1.0831009,52.0,7.43,149.2,5.011967739330034
A071_1,A071,1,ICR,0.5489096,50.0,5.43,1.0,0.6931471805599453
A071_2,A071,2,ICR,0.40938142,50.0,5.43,30.92,3.463232772581608
A071_3,A071,3,ICR,-0.70280397,50.0,5.43,79.96,4.3939552055391555
A071_4,A071,4,ICR,0.24814038,50.0,5.43,153.27,5.038704314023848
A072_1,A072,1,ICR,1.2745856,50.0,5.43,1.0,0.6931471805599453
A072_2,A072,2,ICR,1.3061616,50.0,5.43,33.76,3.548467300397191
A072_3,A072,3,ICR,-0.58761966,50.0,5.43,83.54,4.437224795138644
A072_4,A072,4,ICR,0.10019777,50.0,5.43,154.89,5.04915063032459
A073_1,A073,1,ICR,1.1698031,51.0,6.43,1.0,0.6931471805599453
A073_2,A073,2,ICR,0.213315,51.0,6.43,66.66,4.214495163352562
A073_3,A073,3,ICR,1.063813,51.0,6.43,66.9,4.21803603456465
A073_4,A073,4,ICR,1.2432824,51.0,6.43,140.12,4.949610592258481
A074_1,A074,1,ICR,1.3506466,53.0,8.43,1.0,0.6931471805599453
A074_2,A074,2,ICR,-0.031553622,53.0,8.43,29.33,3.41213732170049
A074_3,A074,3,ICR,-0.53760165,53.0,8.43,73.02,4.30433532695801
A074_4,A074,4,ICR,-0.6315205,53.0,8.43,147.21,4.998630186968824
A075_1,A075,1,ICR,0.9588991,53.0,8.43,1.0,0.6931471805599453
A075_2,A075,2,ICR,0.5673783,53.0,8.43,28.68,3.39047341829918
A075_3,A075,3,ICR,-1.399464,53.0,8.43,71.37,4.281791848878036
A075_4,A075,4,ICR,-0.7930459,53.0,8.43,244.53,5.5034191393614815
A076_1,A076,1,ICR,0.024194812,54.0,9.43,1.0,0.6931471805599453
A076_2,A076,2,ICR,-1.0196363,54.0,9.43,27.3,3.342861804649192
A076_3,A076,3,ICR,-1.6319014,54.0,9.43,74.88,4.3291531450668135
A076_4,A076,4,ICR,-1.6889011,54.0,9.43,149.28,5.0125002207057685
A077_1,A077,1,ICR,0.620659,52.0,7.43,1.0,0.6931471805599453
A077_2,A077,2,ICR,-0.054946523,52.0,7.43,53.88,4.00514898341763
A077_3,A077,3,ICR,-0.40346828,52.0,7.43,78.36,4.373994462976618
A077_4,A077,4,ICR,0.047804616,52.0,7.43,149.75,5.015622835607295
A078_1,A078,1,ICR,-0.5550404,50.0,5.43,1.0,0.6931471805599453
A078_2,A078,2,ICR,0.33242676,50.0,5.43,26.17,3.3021134234382563
A078_3,A078,3,ICR,-0.71275437,50.0,5.43,72.3,4.294560608892605
A078_4,A078,4,ICR,-0.96229225,50.0,5.43,140.08,4.949327105367852
A079_1,A079,1,ICR,0.7266939,50.0,5.43,1.0,0.6931471805599453
A079_2,A079,2,ICR,0.33964783,50.0,5.43,26.11,3.299902663510574
A079_3,A079,3,ICR,-0.95795447,50.0,5.43,74.0,4.31748811353631
A079_4,A079,4,ICR,-0.64385366,50.0,5.43,194.42,5.275151088516197
A080_1,A080,1,ICR,0.4963262,56.0,11.43,1.0,0.6931471805599453
A080_2,A080,2,ICR,0.06484385,56.0,11.43,29.03,3.402196881995239
A080_3,A080,3,ICR,0.17949885,56.0,11.43,72.87,4.302306791540646
A080_4,A080,4,ICR,-0.7201712,56.0,11.43,145.77,4.988866735623107
A081_1,A081,1,ICR,0.59079283,55.0,10.43,1.0,0.6931471805599453
A081_2,A081,2,ICR,-0.37425303,55.0,10.43,31.39,3.477849733183238
A081_3,A081,3,ICR,1.4981886,55.0,10.43,80.13,4.396052806406973
A081_4,A081,4,ICR,0.28968403,55.0,10.43,154.53,5.046838639056468
A082_1,A082,1,ICR,0.3937965,58.0,13.43,1.0,0.6931471805599453
A082_2,A082,2,ICR,1.6726893,58.0,13.43,27.97,3.366260811781259
A082_3,A082,3,ICR,0.26070443,58.0,13.43,75.71,4.3400320779712045
A082_4,A082,4,ICR,-0.24990185,58.0,13.43,170.25,5.143124477142335
A083_1,A083,1,ICR,1.8757206,58.0,13.43,1.0,0.6931471805599453
A083_2,A083,2,ICR,0.7406226,58.0,13.43,25.15,3.263849190510932
A083_3,A083,3,ICR,0.15675685,58.0,13.43,74.3,4.321480134805848
A083_4,A083,4,ICR,0.41007304,58.0,13.43,144.91,4.982989993275931
A084_1,A084,1,ICR,1.0363737,59.0,14.43,1.0,0.6931471805599453
A084_2,A084,2,ICR,-0.08566386,59.0,14.43,27.25,3.34109345759245
A084_3,A084,3,ICR,0.1501421,59.0,14.43,91.97,4.532276860467767
A084_4,A084,4,ICR,-0.5393467,59.0,14.43,162.51,5.096874150546495
A085_1,A085,1,ICR,0.075853765,58.0,13.43,1.0,0.6931471805599453
A085_2,A085,2,ICR,1.2179971,58.0,13.43,24.51,3.23907053215372
A085_3,A085,3,ICR,-0.22426121,58.0,13.43,71.4,4.282206299391671
A085_4,A085,4,ICR,-0.3583133,58.0,13.43,170.65,5.145457519903701
A086_1,A086,1,ICR,0.88108736,58.0,13.43,1.0,0.6931471805599453
A086_2,A086,2,ICR,0.30652004,58.0,13.43,23.47,3.19744787745458
A086_3,A086,3,ICR,-0.82387006,58.0,13.43,145.29,4.985590952989995
A086_4,A086,4,ICR,-0.6613363,58.0,13.43,169.55,5.139028508864655
A087_1,A087,1,ICR,0.58175397,59.0,14.43,1.0,0.6931471805599453
A087_2,A087,2,ICR,1.1760826,59.0,14.43,31.07,3.4679210137050633
A087_3,A087,3,ICR,0.65625054,59.0,14.43,72.8,4.301358731606427
A087_4,A087,4,ICR,0.28195977,59.0,14.43,144.2,4.978112102390695
A088_1,A088,1,ICR,1.5454081,56.0,11.43,1.0,0.6931471805599453
A088_2,A088,2,ICR,2.4344504,56.0,11.43,24.25,3.228826155721369
A088_3,A088,3,ICR,1.1459264,56.0,11.43,74.91,4.3295484280286765
A088_4,A088,4,ICR,2.3584166,56.0,11.43,149.93,5.016816153171337
A089_1,A089,1,ICR,1.0743129,56.0,11.43,1.0,0.6931471805599453
A089_2,A089,2,ICR,1.006568,56.0,11.43,32.14,3.500741011998417
A089_3,A089,3,ICR,1.1093498,56.0,11.43,79.34,4.386267628931136
A089_4,A089,4,ICR,0.019611612,56.0,11.43,146.96,4.996941966964253
A090_1,A090,1,ICR,0.06928799,61.0,16.43,1.0,0.6931471805599453
A090_2,A090,2,ICR,-0.5618887,61.0,16.43,23.54,3.2003044392827653
A090_3,A090,3,ICR,-1.2942528,61.0,16.43,95.42,4.568713648977476
A090_4,A090,4,ICR,-0.66221637,61.0,16.43,144.07,4.977216384550811
A091_1,A091,1,ICR,0.37353247,63.0,18.43,1.0,0.6931471805599453
A091_2,A091,2,ICR,-0.38569748,63.0,18.43,22.2,3.1441522786722644
A091_3,A091,3,ICR,-0.9121887,63.0,18.43,73.64,4.312676556539088
A091_4,A091,4,ICR,-0.82411695,63.0,18.43,142.61,4.9671012920725275
A092_1,A092,1,ICR,-0.018687323,60.0,15.43,1.0,0.6931471805599453
A092_2,A092,2,ICR,-0.92986196,60.0,15.43,22.83,3.170945291110651
A092_3,A092,3,ICR,-0.65643394,60.0,15.43,71.31,4.28096243218686
A092_4,A092,4,ICR,-0.845883,60.0,15.43,146.16,4.991520430236574
A093_1,A093,1,ICR,0.5201135,64.0,19.43,1.0,0.6931471805599453
A093_2,A093,2,ICR,0.55581963,64.0,19.43,22.09,3.139399623366404
A093_3,A093,3,ICR,-0.043852262,64.0,19.43,70.22,4.265773677849632
A093_4,A093,4,ICR,-0.121557094,64.0,19.43,140.95,4.95547488291898
A094_1,A094,1,ICR,-0.73902184,60.0,15.43,1.0,0.6931471805599453
A094_2,A094,2,ICR,-0.29991186,60.0,15.43,22.98,3.177220149599368
A094_3,A094,3,ICR,-1.2893258,60.0,15.43,76.21,4.3465289823207245
A094_4,A094,4,ICR,-1.1009582,60.0,15.43,149.99,5.017213609456379
A095_1,A095,1,ICR,1.8624213,61.0,16.43,1.0,0.6931471805599453
A095_2,A095,2,ICR,0.055583816,61.0,16.43,29.71,3.424588334452731
A095_3,A095,3,ICR,-0.016563427,61.0,16.43,78.76,4.379022125653583
A095_4,A095,4,ICR,-0.25386304,61.0,16.43,148.79,5.009234313180627
A096_1,A096,1,ICR,-0.405043,60.0,15.43,1.0,0.6931471805599453
A096_2,A096,2,ICR,-0.70250136,60.0,15.43,24.49,3.238286218388024
A096_3,A096,3,ICR,-1.5279682,60.0,15.43,71.19,4.279301532151069
A096_4,A096,4,ICR,-2.1239834,60.0,15.43,143.66,4.974386161421135
A097_1,A097,1,ICR,0.17421606,64.0,19.43,1.0,0.6931471805599453
A097_2,A097,2,ICR,-0.18929343,64.0,19.43,24.37,3.2335673736111907
A097_3,A097,3,ICR,0.3600653,64.0,19.43,70.83,4.27430221608671
A097_4,A097,4,ICR,-0.3640842,64.0,19.43,144.85,4.98257869631373
A098_1,A098,1,ICR,0.76267684,60.0,15.43,1.0,0.6931471805599453
A098_2,A098,2,ICR,0.50032306,60.0,15.43,25.77,3.2872818575322613
A098_3,A098,3,ICR,0.7660794,60.0,15.43,78.84,4.380024632003209
A098_4,A098,4,ICR,-0.8945514,60.0,15.43,146.29,4.992403432501452
A099_1,A099,1,ICR,1.0417407,63.0,18.43,1.0,0.6931471805599453
A099_2,A099,2,ICR,0.6420143,63.0,18.43,28.75,3.392829131991639
A099_3,A099,3,ICR,0.33446977,63.0,18.43,78.57,4.3766371373894435
A099_4,A099,4,ICR,0.98564196,63.0,18.43,143.51,4.973348709310239
A100_1,A100,1,ICR,0.2507026,66.0,21.43,1.0,0.6931471805599453
A100_2,A100,2,ICR,1.7990696,66.0,21.43,31.14,3.4701013603093664
A100_3,A100,3,ICR,0.022800112,66.0,21.43,75.34,4.3351970473170836
A100_4,A100,4,ICR,-0.14655165,66.0,21.43,146.8,4.995860008514102
A101_1,A101,1,ICR,0.06431497,69.0,24.43,1.0,0.6931471805599453
A101_2,A101,2,ICR,-0.4466182,69.0,24.43,29.12,3.405189402931693
A101_3,A101,3,ICR,-1.0314987,69.0,24.43,75.21,4.333492687678026
A101_4,A101,4,ICR,-0.9808568,69.0,24.43,150.22,5.018735730130124
A102_1,A102,1,ICR,-0.4727804,68.0,23.43,1.0,0.6931471805599453
A102_2,A102,2,ICR,1.1755204,68.0,23.43,29.13,3.40552135314221
A102_3,A102,3,ICR,-0.62653625,68.0,23.43,75.27,4.3342796761761475
A102_4,A102,4,ICR,-0.13949722,68.0,23.43,150.41,5.019991389020281
A103_1,A103,1,ICR,1.6574401,68.0,23.43,1.0,0.6931471805599453
A103_2,A103,2,ICR,-0.61883485,68.0,23.43,27.26,3.3414473772563813
A103_3,A103,3,ICR,-1.058727,68.0,23.43,80.24,4.397407736712184
A103_4,A103,4,ICR,-0.77343935,68.0,23.43,149.72,5.015423810828053
A104_1,A104,1,ICR,1.5773517,66.0,21.43,1.0,0.6931471805599453
A104_2,A104,2,ICR,0.6895314,66.0,21.43,22.6,3.1612467120315646
A104_3,A104,3,ICR,0.17436832,66.0,21.43,72.62,4.298916727950875
A104_4,A104,4,ICR,-1.2733445,66.0,21.43,145.78,4.9889348671169165
A105_1,A105,1,ICR,0.91576445,68.0,23.43,1.0,0.6931471805599453
A105_2,A105,2,ICR,0.7752459,68.0,23.43,22.77,3.1684242813721024
A105_3,A105,3,ICR,-0.4392154,68.0,23.43,69.46,4.255045172913092
A105_4,A105,4,ICR,-0.16613224,68.0,23.43,146.2,4.991792206294776
A106_1,A106,1,ICR,1.0576928,66.0,21.43,1.0,0.6931471805599453
A106_2,A106,2,ICR,-0.51895714,66.0,21.43,22.64,3.1629401925378975
A106_3,A106,3,ICR,0.29473698,66.0,21.43,66.08,4.205885936955008
A106_4,A106,4,ICR,1.0693434,66.0,21.43,147.13,4.998090266593961
A107_1,A107,1,ICR,-0.5625059,70.0,25.43,1.0,0.6931471805599453
A107_2,A107,2,ICR,-1.480025,70.0,25.43,26.22,3.30395199722332
A107_3,A107,3,ICR,-0.9414066,70.0,25.43,71.45,4.282896668766692
A107_4,A107,4,ICR,-0.7620688,70.0,25.43,145.95,4.990092392864926
A108_1,A108,1,ICR,-0.81889147,69.0,24.43,1.0,0.6931471805599453
A108_2,A108,2,ICR,-0.4216877,69.0,24.43,27.61,3.3537563070620187
A108_3,A108,3,ICR,0.16783781,69.0,24.43,68.96,4.247923650150401
A108_4,A108,4,ICR,-1.4309634,69.0,24.43,152.12,5.031221927704644
A109_1,A109,1,ICR,-0.4498533,68.0,23.43,1.0,0.6931471805599453
A109_2,A109,2,ICR,-1.0999992,68.0,23.43,24.65,3.2445435716167785
A109_3,A109,3,ICR,0.0005814457,68.0,23.43,71.17,4.279024447084182
A109_4,A109,4,ICR,-1.645536,68.0,23.43,149.87,5.016418538851983
A010_1,A010,1,IRE,2.4384494,22.0,-22.57,1.0,0.6931471805599453
A010_2,A010,2,IRE,0.3100767,22.0,-22.57,21.9,3.131136910560194
A010_3,A010,3,IRE,-0.5900594,22.0,-22.57,80.88,4.405254760793088
A010_4,A010,4,IRE,0.7578454,22.0,-22.57,145.31,4.985727658390071
A011_1,A011,1,IRE,0.64898896,21.0,-23.57,1.0,0.6931471805599453
A011_2,A011,2,IRE,0.4779798,21.0,-23.57,24.57,3.2414197893030954
A011_3,A011,3,IRE,-0.18876392,21.0,-23.57,72.55,4.297965447047447
A011_4,A011,4,IRE,-0.36833763,21.0,-23.57,148.85,5.009634793762673
A012_1,A012,1,IRE,1.185163,21.0,-23.57,1.0,0.6931471805599453
A012_2,A012,2,IRE,-0.4810561,21.0,-23.57,25.6,3.2809112157876537
A012_3,A012,3,IRE,0.9331896,21.0,-23.57,166.33,5.119967910506483
A012_4,A012,4,IRE,-1.2891253,21.0,-23.57,166.87,5.123189870334323
A013_1,A013,1,IRE,-0.26959375,22.0,-22.57,1.0,0.6931471805599453
A013_2,A013,2,IRE,-0.26315907,22.0,-22.57,24.77,3.2492110246642736
A013_3,A013,3,IRE,0.5015512,22.0,-22.57,79.66,4.390242789445222
A013_4,A013,4,IRE,-0.85894424,22.0,-22.57,147.13,4.998090266593961
A014_1,A014,1,IRE,0.8939411,22.0,-22.57,1.0,0.6931471805599453
A014_2,A014,2,IRE,1.3020949,22.0,-22.57,25.66,3.2831643147505627
A014_3,A014,3,IRE,0.1523909,22.0,-22.57,70.56,4.270536258640519
A014_4,A014,4,IRE,-0.9391108,22.0,-22.57,148.87,5.009768251656904
A015_1,A015,1,IRE,1.7311847,23.0,-21.57,1.0,0.6931471805599453
A015_2,A015,2,IRE,1.9454731,23.0,-21.57,23.69,3.206398303357088
A015_3,A015,3,IRE,1.5540669,23.0,-21.57,70.59,4.270955399408094
A015_4,A015,4,IRE,0.14790718,23.0,-21.57,146.54,4.9940993254561565
A016_1,A016,1,IRE,1.9085045,21.0,-23.57,1.0,0.6931471805599453
A016_2,A016,2,IRE,1.2414935,21.0,-23.57,32.85,3.521938999358284
A016_3,A016,3,IRE,0.17359161,21.0,-23.57,80.64,4.402319337941644
A016_4,A016,4,IRE,-1.2219204,21.0,-23.57,150.8,5.02256386496153
A017_1,A017,1,IRE,0.07371173,24.0,-20.57,1.0,0.6931471805599453
A017_2,A017,2,IRE,1.094934,24.0,-20.57,20.61,3.0731561705187946
A017_3,A017,3,IRE,0.34243777,24.0,-20.57,61.28,4.131640346965797
A017_4,A017,4,IRE,0.8778206,24.0,-20.57,140.49,4.952229043207861
A018_1,A018,1,IRE,0.89794534,23.0,-21.57,1.0,0.6931471805599453
A018_2,A018,2,IRE,0.11510111,23.0,-21.57,34.03,3.5562048372093953
A018_3,A018,3,IRE,-0.5672663,23.0,-21.57,83.64,4.438406968109989
A018_4,A018,4,IRE,0.25552902,23.0,-21.57,150.87,5.023024891742178
A019_1,A019,1,IRE,-0.6919953,20.0,-24.57,1.0,0.6931471805599453
A019_2,A019,2,IRE,-0.8384044,20.0,-24.57,28.69,3.3908102887756684
A019_3,A019,3,IRE,-0.5890452,20.0,-24.57,83.68,4.4388794462666645
A019_4,A019,4,IRE,-1.1340683,20.0,-24.57,154.76,5.048316361063944
A020_1,A020,1,IRE,0.06332161,26.0,-18.57,1.0,0.6931471805599453
A020_2,A020,2,IRE,0.047483053,26.0,-18.57,26.85,3.326832966373293
A020_3,A020,3,IRE,-0.51456475,26.0,-18.57,78.25,4.37260741275739
A020_4,A020,4,IRE,-2.305471,26.0,-18.57,145.78,4.9889348671169165
A021_1,A021,1,IRE,1.3263483,28.0,-16.57,1.0,0.6931471805599453
A021_2,A021,2,IRE,0.07185613,28.0,-16.57,30.21,3.440738556282688
A021_3,A021,3,IRE,0.14021443,28.0,-16.57,74.19,4.320018243389936
A021_4,A021,4,IRE,0.6826978,28.0,-16.57,140.39,4.951522029603749
A022_1,A022,1,IRE,0.10991881,28.0,-16.57,1.0,0.6931471805599453
A022_2,A022,2,IRE,0.7072509,28.0,-16.57,24.15,3.224857896545748
A022_3,A022,3,IRE,0.32368746,28.0,-16.57,74.46,4.323602714536165
A022_4,A022,4,IRE,0.8941155,28.0,-16.57,141.71,4.9608145991123
A023_1,A023,1,IRE,0.36951885,26.0,-18.57,1.0,0.6931471805599453
A023_2,A023,2,IRE,0.015596133,26.0,-18.57,25.63,3.282038399825841
A023_3,A023,3,IRE,0.22199889,26.0,-18.57,72.2,4.293195420967266
A023_4,A023,4,IRE,-0.12707277,26.0,-18.57,145.07,4.984085958862719
A024_1,A024,1,IRE,0.42522484,29.0,-15.57,1.0,0.6931471805599453
A024_2,A024,2,IRE,0.46180817,29.0,-15.57,29.57,3.420019135902743
A024_3,A024,3,IRE,0.054807294,29.0,-15.57,91.47,4.526884267589547
A024_4,A024,4,IRE,-1.3448688,29.0,-15.57,145.65,4.9880487954234605
A025_1,A025,1,IRE,1.0340793,26.0,-18.57,1.0,0.6931471805599453
A025_2,A025,2,IRE,1.6322045,26.0,-18.57,23.33,3.1917101567954314
A025_3,A025,3,IRE,-0.47655585,26.0,-18.57,72.94,4.303253953508486
A025_4,A025,4,IRE,-0.8461859,26.0,-18.57,137.74,4.932601677957155
A026_1,A026,1,IRE,0.6719598,29.0,-15.57,1.0,0.6931471805599453
A026_2,A026,2,IRE,-0.07465413,29.0,-15.57,26.48,3.3134584673541485
A026_3,A026,3,IRE,1.1318396,29.0,-15.57,75.46,4.336767728268267
A026_4,A026,4,IRE,-0.4234665,29.0,-15.57,147.65,5.001594549444107
A027_1,A027,1,IRE,0.76357627,28.0,-16.57,1.0,0.6931471805599453
A027_2,A027,2,IRE,0.4312134,28.0,-16.57,28.26,3.3762213955919784
A027_3,A027,3,IRE,-0.69983053,28.0,-16.57,74.58,4.325191697921343
A027_4,A027,4,IRE,0.053597745,28.0,-16.57,145.92,4.989888220951467
A028_1,A028,1,IRE,1.4671905,26.0,-18.57,1.0,0.6931471805599453
A028_2,A028,2,IRE,-0.12530611,26.0,-18.57,22.82,3.170525563927154
A028_3,A028,3,IRE,0.2184041,26.0,-18.57,72.26,4.294014757350668
A028_4,A028,4,IRE,-1.2986233,26.0,-18.57,138.91,4.940999358745194
A029_1,A029,1,IRE,2.4757762,25.0,-19.57,1.0,0.6931471805599453
A029_2,A029,2,IRE,0.54682654,25.0,-19.57,28.43,3.382014562245381
A029_3,A029,3,IRE,1.07133,25.0,-19.57,93.26,4.546056921495585
A029_4,A029,4,IRE,0.55508226,25.0,-19.57,143.14,4.970785049496295
A030_1,A030,1,IRE,0.35405353,31.0,-13.57,1.0,0.6931471805599453
A030_2,A030,2,IRE,1.2919836,31.0,-13.57,32.95,3.5248888540047054
A030_3,A030,3,IRE,0.38871464,31.0,-13.57,71.93,4.289500076996142
A030_4,A030,4,IRE,0.83179647,31.0,-13.57,150.46,5.020321563685677
A031_1,A031,1,IRE,2.286436,32.0,-12.57,1.0,0.6931471805599453
A031_2,A031,2,IRE,0.06316654,32.0,-12.57,32.41,3.508855256368665
A031_3,A031,3,IRE,-0.24461146,32.0,-12.57,71.56,4.2844138058068815
A031_4,A031,4,IRE,-1.095342,32.0,-12.57,143.85,4.975698724215359
A032_1,A032,1,IRE,0.754212,33.0,-11.57,1.0,0.6931471805599453
A032_2,A032,2,IRE,-0.7069247,33.0,-11.57,57.18,4.063541653067055
A032_3,A032,3,IRE,0.38795704,33.0,-11.57,80.16,4.396422514957614
A032_4,A032,4,IRE,1.5438918,33.0,-11.57,144.51,4.980244812772187
A033_1,A033,1,IRE,-0.12778349,32.0,-12.57,1.0,0.6931471805599453
A033_2,A033,2,IRE,-0.08431574,32.0,-12.57,29.16,3.4065165431397553
A033_3,A033,3,IRE,0.8991813,32.0,-12.57,72.6,4.298645025734831
A033_4,A033,4,IRE,0.04133816,32.0,-12.57,168.33,5.131849473677249
A034_1,A034,1,IRE,2.1105924,33.0,-11.57,1.0,0.6931471805599453
A034_2,A034,2,IRE,1.4497505,33.0,-11.57,26.08,3.298795448044074
A034_3,A034,3,IRE,0.41954288,33.0,-11.57,74.28,4.3212144952771245
A034_4,A034,4,IRE,0.035610847,33.0,-11.57,145.38,4.986205980173081
A035_1,A035,1,IRE,-0.45223022,34.0,-10.57,1.0,0.6931471805599453
A035_2,A035,2,IRE,0.5595692,34.0,-10.57,44.76,3.8234103470715426
A035_3,A035,3,IRE,-0.37577602,34.0,-10.57,79.98,4.394202210604015
A035_4,A035,4,IRE,-1.0302126,34.0,-10.57,152.47,5.033505108187003
A036_1,A036,1,IRE,1.0361929,30.0,-14.57,1.0,0.6931471805599453
A036_2,A036,2,IRE,-0.27806544,30.0,-14.57,21.63,3.119276459645446
A036_3,A036,3,IRE,-0.60023236,30.0,-14.57,71.47,4.28317268312119
A036_4,A036,4,IRE,-1.1132983,30.0,-14.57,143.85,4.975698724215359
A037_1,A037,1,IRE,0.93678945,31.0,-13.57,1.0,0.6931471805599453
A037_2,A037,2,IRE,1.5641938,31.0,-13.57,23.7,3.2068032436339315
A037_3,A037,3,IRE,0.19912125,31.0,-13.57,72.08,4.291554731509806
A037_4,A037,4,IRE,-0.20357801,31.0,-13.57,143.66,4.974386161421135
A038_1,A038,1,IRE,1.4483027,32.0,-12.57,1.0,0.6931471805599453
A038_2,A038,2,IRE,-0.49120235,32.0,-12.57,71.85,4.288402532641213
A038_3,A038,3,IRE,1.2652723,32.0,-12.57,72.86,4.3021714094244174
A038_4,A038,4,IRE,-0.041008864,32.0,-12.57,152.89,5.0362380614757605
A039_1,A039,1,IRE,2.6988935,31.0,-13.57,1.0,0.6931471805599453
A039_2,A039,2,IRE,0.9120198,31.0,-13.57,28.65,3.3894621254437345
A039_3,A039,3,IRE,0.82550347,31.0,-13.57,98.84,4.603568904621118
A039_4,A039,4,IRE,0.63423765,31.0,-13.57,246.24,5.510359524791073
A040_1,A040,1,IRE,-0.74248385,38.0,-6.57,1.0,0.6931471805599453
A040_2,A040,2,IRE,0.09302302,38.0,-6.57,26.26,3.3054204262683866
A040_3,A040,3,IRE,-1.6655847,38.0,-6.57,71.28,4.280547465724028
A040_4,A040,4,IRE,-1.5992237,38.0,-6.57,143.53,4.97348709846075
A041_1,A041,1,IRE,0.81122,35.0,-9.57,1.0,0.6931471805599453
A041_2,A041,2,IRE,-1.162225,35.0,-9.57,31.78,3.4898185733156835
A041_3,A041,3,IRE,0.15353484,35.0,-9.57,75.74,4.340423084818807
A041_4,A041,4,IRE,0.5963426,35.0,-9.57,141.84,4.961725122726247
A042_1,A042,1,IRE,-0.7229102,38.0,-6.57,1.0,0.6931471805599453
A042_2,A042,2,IRE,-1.140325,38.0,-6.57,28.93,3.3988613218646075
A042_3,A042,3,IRE,-0.48732755,38.0,-6.57,72.17,4.292785500895938
A042_4,A042,4,IRE,-1.4546955,38.0,-6.57,146.02,4.9905686319459415
A043_1,A043,1,IRE,1.0126323,38.0,-6.57,1.0,0.6931471805599453
A043_2,A043,2,IRE,0.3983507,38.0,-6.57,25.62,3.2816628129669656
A043_3,A043,3,IRE,0.5010917,38.0,-6.57,64.94,4.188745237643585
A043_4,A043,4,IRE,-0.5570522,38.0,-6.57,149.33,5.012832877639743
A044_1,A044,1,IRE,-0.4703743,38.0,-6.57,1.0,0.6931471805599453
A044_2,A044,2,IRE,-0.654232,38.0,-6.57,47.66,3.8848573373553763
A044_3,A044,3,IRE,-1.5527358,38.0,-6.57,91.63,4.5286130632659365
A044_4,A044,4,IRE,-1.2528853,38.0,-6.57,155.27,5.0515852804252095
A045_1,A045,1,IRE,-0.6049191,37.0,-7.57,1.0,0.6931471805599453
A045_2,A045,2,IRE,-0.8930858,37.0,-7.57,24.66,3.2449333591874905
A045_3,A045,3,IRE,-0.5937915,37.0,-7.57,72.23,4.2936051730729785
A045_4,A045,4,IRE,-1.290313,37.0,-7.57,151.52,5.027295734989363
A046_1,A046,1,IRE,-0.5982873,38.0,-6.57,1.0,0.6931471805599453
A046_2,A046,2,IRE,-1.413458,38.0,-6.57,24.32,3.2315945972759756
A046_3,A046,3,IRE,-2.0996013,38.0,-6.57,73.05,4.304740540713808
A046_4,A046,4,IRE,-1.4497496,38.0,-6.57,147.94,5.003543540282499
A047_1,A047,1,IRE,-0.30463582,36.0,-8.57,1.0,0.6931471805599453
A047_2,A047,2,IRE,-0.47663674,36.0,-8.57,23.46,3.1970391302590264
A047_3,A047,3,IRE,-1.5128936,36.0,-8.57,76.85,4.354783898280007
A047_4,A047,4,IRE,-1.0254031,36.0,-8.57,144.22,4.978249833952101
A048_1,A048,1,IRE,1.2373691,38.0,-6.57,1.0,0.6931471805599453
A048_2,A048,2,IRE,-0.08034208,38.0,-6.57,23.91,3.215269329274089
A048_3,A048,3,IRE,-0.14090295,38.0,-6.57,81.15,4.408546844483277
A048_4,A048,4,IRE,0.27244678,38.0,-6.57,146.3,4.9924713234685845
A049_1,A049,1,IRE,1.8781378,35.0,-9.57,1.0,0.6931471805599453
A049_2,A049,2,IRE,-0.9171489,35.0,-9.57,27.12,3.336481066942464
A049_3,A049,3,IRE,0.6688247,35.0,-9.57,111.38,4.721885985684052
A049_4,A049,4,IRE,0.3420703,35.0,-9.57,168.86,5.134974568351863
A050_1,A050,1,IRE,-0.004933702,41.0,-3.5700000000000003,1.0,0.6931471805599453
A050_2,A050,2,IRE,-0.6379478,41.0,-3.5700000000000003,24.73,3.2476576262936527
A050_3,A050,3,IRE,-1.342118,41.0,-3.5700000000000003,93.39,4.547435135336853
A050_4,A050,4,IRE,-0.67183626,41.0,-3.5700000000000003,148.69,5.008566488927144
A051_1,A051,1,IRE,1.2244735,41.0,-3.5700000000000003,1.0,0.6931471805599453
A051_2,A051,2,IRE,-0.15659332,41.0,-3.5700000000000003,17.16,2.8992213731731473
A051_3,A051,3,IRE,-0.39899728,41.0,-3.5700000000000003,65.63,4.199154926574446
A051_4,A051,4,IRE,-0.19292271,41.0,-3.5700000000000003,146.99,4.997144703913756
A052_1,A052,1,IRE,0.9162573,43.0,-1.5700000000000003,1.0,0.6931471805599453
A052_2,A052,2,IRE,0.7441957,43.0,-1.5700000000000003,31.76,3.4892082589848687
A052_3,A052,3,IRE,0.32922077,43.0,-1.5700000000000003,80.98,4.406475315076191
A052_4,A052,4,IRE,-0.8879928,43.0,-1.5700000000000003,153.27,5.038704314023848
A053_1,A053,1,IRE,1.3877759,44.0,-0.5700000000000003,1.0,0.6931471805599453
A053_2,A053,2,IRE,0.41908395,44.0,-0.5700000000000003,32.71,3.5177945292459696
A053_3,A053,3,IRE,-0.7869955,44.0,-0.5700000000000003,78.28,4.372985890021733
A053_4,A053,4,IRE,-0.4435216,44.0,-0.5700000000000003,148.9,5.009968405108552
A054_1,A054,1,IRE,0.48956367,43.0,-1.5700000000000003,1.0,0.6931471805599453
A054_2,A054,2,IRE,0.6934224,43.0,-1.5700000000000003,16.9,2.884800712846709
A054_3,A054,3,IRE,0.8463199,43.0,-1.5700000000000003,72.83,4.3017651530710745
A054_4,A054,4,IRE,1.2287457,43.0,-1.5700000000000003,136.83,4.926021041706347
A055_1,A055,1,IRE,-0.13158245,44.0,-0.5700000000000003,1.0,0.6931471805599453
A055_2,A055,2,IRE,0.76897997,44.0,-0.5700000000000003,23.24,3.1880041612011136
A055_3,A055,3,IRE,-0.907813,44.0,-0.5700000000000003,74.48,4.32386772050035
A055_4,A055,4,IRE,-1.0814104,44.0,-0.5700000000000003,149.21,5.012034315009963
A056_1,A056,1,IRE,0.72850454,42.0,-2.5700000000000003,1.0,0.6931471805599453
A056_2,A056,2,IRE,0.22693743,42.0,-2.5700000000000003,33.61,3.544142657647253
A056_3,A056,3,IRE,-0.091664016,42.0,-2.5700000000000003,71.46,4.283034685466931
A056_4,A056,4,IRE,-1.3377627,42.0,-2.5700000000000003,147.84,5.002871903478422
A057_1,A057,1,IRE,0.27071217,40.0,-4.57,1.0,0.6931471805599453
A057_2,A057,2,IRE,-0.8539148,40.0,-4.57,24.78,3.2495989975110415
A057_3,A057,3,IRE,-0.71713674,40.0,-4.57,73.83,4.315218874092267
A057_4,A057,4,IRE,-1.8448895,40.0,-4.57,145.06,4.984017496191964
A058_1,A058,1,IRE,1.2466015,42.0,-2.5700000000000003,1.0,0.6931471805599453
A058_2,A058,2,IRE,-1.077494,42.0,-2.5700000000000003,22.96,3.1763857732472487
A058_3,A058,3,IRE,-0.117913626,42.0,-2.5700000000000003,66.28,4.208863015664693
A058_4,A058,4,IRE,-0.69132006,42.0,-2.5700000000000003,143.48,4.973141089668675
A059_1,A059,1,IRE,1.7848992,43.0,-1.5700000000000003,1.0,0.6931471805599453
A059_2,A059,2,IRE,0.89374894,43.0,-1.5700000000000003,30.4,3.4468078929142076
A059_3,A059,3,IRE,1.4927459,43.0,-1.5700000000000003,79.78,4.391729410135267
A059_4,A059,4,IRE,0.68180627,43.0,-1.5700000000000003,151.93,5.029980300360032
A060_1,A060,1,IRE,-0.38018447,48.0,3.4299999999999997,1.0,0.6931471805599453
A060_2,A060,2,IRE,1.1239609,48.0,3.4299999999999997,24.87,3.2530839961979376
A060_3,A060,3,IRE,-0.09334896,48.0,3.4299999999999997,94.68,4.561009290202322
A060_4,A060,4,IRE,0.46231183,48.0,3.4299999999999997,143.91,4.976112860057833
A061_1,A061,1,IRE,2.7986915,47.0,2.4299999999999997,1.0,0.6931471805599453
A061_2,A061,2,IRE,1.2234498,47.0,2.4299999999999997,35.16,3.5879535355239756
A061_3,A061,3,IRE,0.5204708,47.0,2.4299999999999997,82.55,4.425445255041403
A061_4,A061,4,IRE,-0.6823952,47.0,2.4299999999999997,146.56,4.994234872728475
A062_1,A062,1,IRE,1.4583671,48.0,3.4299999999999997,1.0,0.6931471805599453
A062_2,A062,2,IRE,0.24000895,48.0,3.4299999999999997,44.69,3.8218794555751803
A062_3,A062,3,IRE,-0.984396,48.0,3.4299999999999997,92.72,4.540311613639595
A062_4,A062,4,IRE,-1.181499,48.0,3.4299999999999997,149.18,5.011834574671738
A063_1,A063,1,IRE,0.9245191,45.0,0.4299999999999997,1.0,0.6931471805599453
A063_2,A063,2,IRE,1.0350604,45.0,0.4299999999999997,21.98,3.1346242724206097
A063_3,A063,3,IRE,0.028180914,45.0,0.4299999999999997,69.99,4.262539022051294
A063_4,A063,4,IRE,-0.9576166,45.0,0.4299999999999997,141.09,4.956460659649984
A064_1,A064,1,IRE,1.2904102,47.0,2.4299999999999997,1.0,0.6931471805599453
A064_2,A064,2,IRE,1.1106834,47.0,2.4299999999999997,37.65,3.654546775033431
A064_3,A064,3,IRE,0.2845312,47.0,2.4299999999999997,82.99,4.430697744137536
A064_4,A064,4,IRE,-0.7148069,47.0,2.4299999999999997,156.21,5.057582491203423
A065_1,A065,1,IRE,-1.9897554,47.0,2.4299999999999997,1.0,0.6931471805599453
A065_2,A065,2,IRE,-0.46454605,47.0,2.4299999999999997,32.31,3.5058576522055884
A065_3,A065,3,IRE,-2.072122,47.0,2.4299999999999997,106.41,4.676653287609955
A065_4,A065,4,IRE,-2.4058857,47.0,2.4299999999999997,187.43,5.238726585134399
A066_1,A066,1,IRE,0.04724063,47.0,2.4299999999999997,1.0,0.6931471805599453
A066_2,A066,2,IRE,0.049044065,47.0,2.4299999999999997,23.35,3.192531849528599
A066_3,A066,3,IRE,-0.8186272,47.0,2.4299999999999997,73.79,4.314684186203576
A066_4,A066,4,IRE,-1.2446865,47.0,2.4299999999999997,164.93,5.111566012674697
A067_1,A067,1,IRE,0.4298758,48.0,3.4299999999999997,1.0,0.6931471805599453
A067_2,A067,2,IRE,-1.1691964,48.0,3.4299999999999997,29.91,3.431079756144025
A067_3,A067,3,IRE,-1.4345893,48.0,3.4299999999999997,73.19,4.306629370201435
A067_4,A067,4,IRE,-1.3285642,48.0,3.4299999999999997,144.19,4.978043229495596
A068_1,A068,1,IRE,1.041759,49.0,4.43,1.0,0.6931471805599453
A068_2,A068,2,IRE,-0.0033514237,49.0,4.43,30.49,3.4496700351129332
A068_3,A068,3,IRE,0.8072276,49.0,4.43,82.98,4.430578675256047
A068_4,A068,4,IRE,-0.29118964,49.0,4.43,155.59,5.053630924557352
A069_1,A069,1,IRE,-0.8091589,46.0,1.4299999999999997,1.0,0.6931471805599453
A069_2,A069,2,IRE,-0.9965671,46.0,1.4299999999999997,24.96,3.2565568918358894
A069_3,A069,3,IRE,-0.24949603,46.0,1.4299999999999997,79.75,4.391357962102766
A069_4,A069,4,IRE,-1.8297737,46.0,1.4299999999999997,140.22,4.950318958088201
A070_1,A070,1,IRE,-0.038579978,52.0,7.43,1.0,0.6931471805599453
A070_2,A070,2,IRE,0.18958522,52.0,7.43,24.25,3.228826155721369
A070_3,A070,3,IRE,-0.277578,52.0,7.43,81.92,4.417876287567579
A070_4,A070,4,IRE,-0.78672224,52.0,7.43,149.2,5.011967739330034
A071_1,A071,1,IRE,0.70816094,50.0,5.43,1.0,0.6931471805599453
A071_2,A071,2,IRE,0.56730664,50.0,5.43,30.92,3.463232772581608
A071_3,A071,3,IRE,-0.84938395,50.0,5.43,79.96,4.3939552055391555
A071_4,A071,4,IRE,0.033938855,50.0,5.43,153.27,5.038704314023848
A072_1,A072,1,IRE,1.0733924,50.0,5.43,1.0,0.6931471805599453
A072_2,A072,2,IRE,1.4070365,50.0,5.43,33.76,3.548467300397191
A072_3,A072,3,IRE,-0.5334246,50.0,5.43,83.54,4.437224795138644
A072_4,A072,4,IRE,-0.2938692,50.0,5.43,154.89,5.04915063032459
A073_1,A073,1,IRE,0.68885374,51.0,6.43,1.0,0.6931471805599453
A073_2,A073,2,IRE,0.119342916,51.0,6.43,66.66,4.214495163352562
A073_3,A073,3,IRE,1.1573863,51.0,6.43,66.9,4.21803603456465
A073_4,A073,4,IRE,1.3339784,51.0,6.43,140.12,4.949610592258481
A074_1,A074,1,IRE,1.4998207,53.0,8.43,1.0,0.6931471805599453
A074_2,A074,2,IRE,-0.037707042,53.0,8.43,29.33,3.41213732170049
A074_3,A074,3,IRE,-0.59307206,53.0,8.43,73.02,4.30433532695801
A074_4,A074,4,IRE,-1.2337722,53.0,8.43,147.21,4.998630186968824
A075_1,A075,1,IRE,0.8625738,53.0,8.43,1.0,0.6931471805599453
A075_2,A075,2,IRE,0.39767498,53.0,8.43,28.68,3.39047341829918
A075_3,A075,3,IRE,-1.2247729,53.0,8.43,71.37,4.281791848878036
A075_4,A075,4,IRE,-1.2319921,53.0,8.43,244.53,5.5034191393614815
A076_1,A076,1,IRE,-0.22091237,54.0,9.43,1.0,0.6931471805599453
A076_2,A076,2,IRE,-1.0255073,54.0,9.43,27.3,3.342861804649192
A076_3,A076,3,IRE,-1.5301954,54.0,9.43,74.88,4.3291531450668135
A076_4,A076,4,IRE,-1.7831339,54.0,9.43,149.28,5.0125002207057685
A077_1,A077,1,IRE,0.89236367,52.0,7.43,1.0,0.6931471805599453
A077_2,A077,2,IRE,-0.42042914,52.0,7.43,53.88,4.00514898341763
A077_3,A077,3,IRE,-0.1648312,52.0,7.43,78.36,4.373994462976618
A077_4,A077,4,IRE,0.0786916,52.0,7.43,149.75,5.015622835607295
A078_1,A078,1,IRE,-0.6276853,50.0,5.43,1.0,0.6931471805599453
A078_2,A078,2,IRE,0.09190124,50.0,5.43,26.17,3.3021134234382563
A078_3,A078,3,IRE,-0.71987665,50.0,5.43,72.3,4.294560608892605
A078_4,A078,4,IRE,-1.2768241,50.0,5.43,140.08,4.949327105367852
A079_1,A079,1,IRE,0.525917,50.0,5.43,1.0,0.6931471805599453
A079_2,A079,2,IRE,-0.23780693,50.0,5.43,26.11,3.299902663510574
A079_3,A079,3,IRE,-0.90638155,50.0,5.43,74.0,4.31748811353631
A079_4,A079,4,IRE,-0.8079388,50.0,5.43,194.42,5.275151088516197
A080_1,A080,1,IRE,0.19847187,56.0,11.43,1.0,0.6931471805599453
A080_2,A080,2,IRE,0.5421969,56.0,11.43,29.03,3.402196881995239
A080_3,A080,3,IRE,0.51873004,56.0,11.43,72.87,4.302306791540646
A080_4,A080,4,IRE,-0.7286859,56.0,11.43,145.77,4.988866735623107
A081_1,A081,1,IRE,0.09954796,55.0,10.43,1.0,0.6931471805599453
A081_2,A081,2,IRE,-0.37963817,55.0,10.43,31.39,3.477849733183238
A081_3,A081,3,IRE,0.9053249,55.0,10.43,80.13,4.396052806406973
A081_4,A081,4,IRE,0.20900704,55.0,10.43,154.53,5.046838639056468
A082_1,A082,1,IRE,0.15080759,58.0,13.43,1.0,0.6931471805599453
A082_2,A082,2,IRE,1.0830928,58.0,13.43,27.97,3.366260811781259
A082_3,A082,3,IRE,0.8160206,58.0,13.43,75.71,4.3400320779712045
A082_4,A082,4,IRE,-0.4891232,58.0,13.43,170.25,5.143124477142335
A083_1,A083,1,IRE,1.978909,58.0,13.43,1.0,0.6931471805599453
A083_2,A083,2,IRE,0.57815444,58.0,13.43,25.15,3.263849190510932
A083_3,A083,3,IRE,0.22213173,58.0,13.43,74.3,4.321480134805848
A083_4,A083,4,IRE,0.27717957,58.0,13.43,144.91,4.982989993275931
A084_1,A084,1,IRE,1.0537276,59.0,14.43,1.0,0.6931471805599453
A084_2,A084,2,IRE,-0.011237693,59.0,14.43,27.25,3.34109345759245
A084_3,A084,3,IRE,-0.19179052,59.0,14.43,91.97,4.532276860467767
A084_4,A084,4,IRE,-0.18041168,59.0,14.43,162.51,5.096874150546495
A085_1,A085,1,IRE,-0.22509605,58.0,13.43,1.0,0.6931471805599453
A085_2,A085,2,IRE,1.0013424,58.0,13.43,24.51,3.23907053215372
A085_3,A085,3,IRE,-0.067706935,58.0,13.43,71.4,4.282206299391671
A085_4,A085,4,IRE,-1.0312817,58.0,13.43,170.65,5.145457519903701
A086_1,A086,1,IRE,0.6659961,58.0,13.43,1.0,0.6931471805599453
A086_2,A086,2,IRE,0.22458939,58.0,13.43,23.47,3.19744787745458
A086_3,A086,3,IRE,-1.3325757,58.0,13.43,145.29,4.985590952989995
A086_4,A086,4,IRE,-0.5272459,58.0,13.43,169.55,5.139028508864655
A087_1,A087,1,IRE,0.7895145,59.0,14.43,1.0,0.6931471805599453
A087_2,A087,2,IRE,1.4542019,59.0,14.43,31.07,3.4679210137050633
A087_3,A087,3,IRE,0.04354732,59.0,14.43,72.8,4.301358731606427
A087_4,A087,4,IRE,0.38482845,59.0,14.43,144.2,4.978112102390695
A088_1,A088,1,IRE,1.9759402,56.0,11.43,1.0,0.6931471805599453
A088_2,A088,2,IRE,2.3444242,56.0,11.43,24.25,3.228826155721369
A088_3,A088,3,IRE,1.1121235,56.0,11.43,74.91,4.3295484280286765
A088_4,A088,4,IRE,1.9438039,56.0,11.43,149.93,5.016816153171337
A089_1,A089,1,IRE,1.5588329,56.0,11.43,1.0,0.6931471805599453
A089_2,A089,2,IRE,0.9890919,56.0,11.43,32.14,3.500741011998417
A089_3,A089,3,IRE,0.07187775,56.0,11.43,79.34,4.386267628931136
A089_4,A089,4,IRE,0.042044263,56.0,11.43,146.96,4.996941966964253
A090_1,A090,1,IRE,0.050371252,61.0,16.43,1.0,0.6931471805599453
A090_2,A090,2,IRE,-0.27120855,61.0,16.43,23.54,3.2003044392827653
A090_3,A090,3,IRE,-1.3461871,61.0,16.43,95.42,4.568713648977476
A090_4,A090,4,IRE,-0.7518836,61.0,16.43,144.07,4.977216384550811
A091_1,A091,1,IRE,0.97061104,63.0,18.43,1.0,0.6931471805599453
A091_2,A091,2,IRE,0.039785095,63.0,18.43,22.2,3.1441522786722644
A091_3,A091,3,IRE,-0.97475123,63.0,18.43,73.64,4.312676556539088
A091_4,A091,4,IRE,-0.9651673,63.0,18.43,142.61,4.9671012920725275
A092_1,A092,1,IRE,0.05058304,60.0,15.43,1.0,0.6931471805599453
A092_2,A092,2,IRE,-1.2336305,60.0,15.43,22.83,3.170945291110651
A092_3,A092,3,IRE,-1.2415818,60.0,15.43,71.31,4.28096243218686
A092_4,A092,4,IRE,-0.89444345,60.0,15.43,146.16,4.991520430236574
A093_1,A093,1,IRE,0.5990654,64.0,19.43,1.0,0.6931471805599453
A093_2,A093,2,IRE,1.2117604,64.0,19.43,22.09,3.139399623366404
A093_3,A093,3,IRE,0.17340481,64.0,19.43,70.22,4.265773677849632
A093_4,A093,4,IRE,0.5586453,64.0,19.43,140.95,4.95547488291898
A094_1,A094,1,IRE,-0.9617219,60.0,15.43,1.0,0.6931471805599453
A094_2,A094,2,IRE,0.0140557075,60.0,15.43,22.98,3.177220149599368
A094_3,A094,3,IRE,-1.5349207,60.0,15.43,76.21,4.3465289823207245
A094_4,A094,4,IRE,-1.2094593,60.0,15.43,149.99,5.017213609456379
A095_1,A095,1,IRE,1.9830589,61.0,16.43,1.0,0.6931471805599453
A095_2,A095,2,IRE,0.3200694,61.0,16.43,29.71,3.424588334452731
A095_3,A095,3,IRE,-0.17800218,61.0,16.43,78.76,4.379022125653583
A095_4,A095,4,IRE,-0.41172364,61.0,16.43,148.79,5.009234313180627
A096_1,A096,1,IRE,-0.6706398,60.0,15.43,1.0,0.6931471805599453
A096_2,A096,2,IRE,-0.55896944,60.0,15.43,24.49,3.238286218388024
A096_3,A096,3,IRE,-1.9151922,60.0,15.43,71.19,4.279301532151069
A096_4,A096,4,IRE,-1.9204532,60.0,15.43,143.66,4.974386161421135
A097_1,A097,1,IRE,0.14730547,64.0,19.43,1.0,0.6931471805599453
A097_2,A097,2,IRE,-0.47214893,64.0,19.43,24.37,3.2335673736111907
A097_3,A097,3,IRE,0.31698403,64.0,19.43,70.83,4.27430221608671
A097_4,A097,4,IRE,-0.5914035,64.0,19.43,144.85,4.98257869631373
A098_1,A098,1,IRE,0.6124665,60.0,15.43,1.0,0.6931471805599453
A098_2,A098,2,IRE,-0.096271254,60.0,15.43,25.77,3.2872818575322613
A098_3,A098,3,IRE,1.3472352,60.0,15.43,78.84,4.380024632003209
A098_4,A098,4,IRE,-0.9018639,60.0,15.43,146.29,4.992403432501452
A099_1,A099,1,IRE,0.5525987,63.0,18.43,1.0,0.6931471805599453
A099_2,A099,2,IRE,0.97143245,63.0,18.43,28.75,3.392829131991639
A099_3,A099,3,IRE,0.9325728,63.0,18.43,78.57,4.3766371373894435
A099_4,A099,4,IRE,1.1421402,63.0,18.43,143.51,4.973348709310239
A100_1,A100,1,IRE,0.41694874,66.0,21.43,1.0,0.6931471805599453
A100_2,A100,2,IRE,1.5501331,66.0,21.43,31.14,3.4701013603093664
A100_3,A100,3,IRE,0.26074573,66.0,21.43,75.34,4.3351970473170836
A100_4,A100,4,IRE,0.18579558,66.0,21.43,146.8,4.995860008514102
A101_1,A101,1,IRE,-0.24693763,69.0,24.43,1.0,0.6931471805599453
A101_2,A101,2,IRE,-0.8620508,69.0,24.43,29.12,3.405189402931693
A101_3,A101,3,IRE,-1.2491857,69.0,24.43,75.21,4.333492687678026
A101_4,A101,4,IRE,-1.011913,69.0,24.43,150.22,5.018735730130124
A102_1,A102,1,IRE,-0.38333195,68.0,23.43,1.0,0.6931471805599453
A102_2,A102,2,IRE,1.0901707,68.0,23.43,29.13,3.40552135314221
A102_3,A102,3,IRE,-0.3659669,68.0,23.43,75.27,4.3342796761761475
A102_4,A102,4,IRE,0.1741312,68.0,23.43,150.41,5.019991389020281
A103_1,A103,1,IRE,1.6768701,68.0,23.43,1.0,0.6931471805599453
A103_2,A103,2,IRE,-0.57117534,68.0,23.43,27.26,3.3414473772563813
A103_3,A103,3,IRE,-1.2689043,68.0,23.43,80.24,4.397407736712184
A103_4,A103,4,IRE,-0.71614736,68.0,23.43,149.72,5.015423810828053
A104_1,A104,1,IRE,1.6540266,66.0,21.43,1.0,0.6931471805599453
A104_2,A104,2,IRE,1.0291764,66.0,21.43,22.6,3.1612467120315646
A104_3,A104,3,IRE,-0.4121698,66.0,21.43,72.62,4.298916727950875
A104_4,A104,4,IRE,-1.7346635,66.0,21.43,145.78,4.9889348671169165
A105_1,A105,1,IRE,0.6195348,68.0,23.43,1.0,0.6931471805599453
A105_2,A105,2,IRE,0.6627499,68.0,23.43,22.77,3.1684242813721024
A105_3,A105,3,IRE,-0.66510576,68.0,23.43,69.46,4.255045172913092
A105_4,A105,4,IRE,-0.010698175,68.0,23.43,146.2,4.991792206294776
A106_1,A106,1,IRE,1.0056148,66.0,21.43,1.0,0.6931471805599453
A106_2,A106,2,IRE,-0.080483235,66.0,21.43,22.64,3.1629401925378975
A106_3,A106,3,IRE,0.26081502,66.0,21.43,66.08,4.205885936955008
A106_4,A106,4,IRE,0.8969831,66.0,21.43,147.13,4.998090266593961
A107_1,A107,1,IRE,-1.0345303,70.0,25.43,1.0,0.6931471805599453
A107_2,A107,2,IRE,-1.5771314,70.0,25.43,26.22,3.30395199722332
A107_3,A107,3,IRE,-0.7658409,70.0,25.43,71.45,4.282896668766692
A107_4,A107,4,IRE,-1.1520263,70.0,25.43,145.95,4.990092392864926
A108_1,A108,1,IRE,-0.7558844,69.0,24.43,1.0,0.6931471805599453
A108_2,A108,2,IRE,-0.6152969,69.0,24.43,27.61,3.3537563070620187
A108_3,A108,3,IRE,0.07778465,69.0,24.43,68.96,4.247923650150401
A108_4,A108,4,IRE,-1.6173264,69.0,24.43,152.12,5.031221927704644
A109_1,A109,1,IRE,-0.15640523,68.0,23.43,1.0,0.6931471805599453
A109_2,A109,2,IRE,-1.224899,68.0,23.43,24.65,3.2445435716167785
A109_3,A109,3,IRE,-0.13068518,68.0,23.43,71.17,4.279024447084182
A109_4,A109,4,IRE,-1.6439301,68.0,23.43,149.87,5.016418538851983
