UID,test,composite_ID,Congruence,theta,SE,TSVR_hours,Segment,Days_within
A010,1,A010_1,Common,1.6000581,0.1962873223365104,1.0,Early,0.041666666666666664
A010,2,A010_2,Common,0.4028944,0.1962873223365104,21.9,Early,0.9125
A010,3,A010_3,Common,-0.8561796,0.1962873223365104,80.88,Late,2.3699999999999997
A010,4,A010_4,Common,-0.14796121,0.1962873223365104,145.31,Late,5.054583333333333
A011,1,A011_1,Common,0.5500402,0.1962873223365104,1.0,Early,0.041666666666666664
A011,2,A011_2,Common,0.75908333,0.1962873223365104,24.57,Late,0.02375000000000001
A011,3,A011_3,Common,-0.6526953,0.1962873223365104,72.55,Late,2.0229166666666667
A011,4,A011_4,Common,-0.6465008,0.1962873223365104,148.85,Late,5.202083333333333
A012,1,A012_1,Common,0.48022103,0.1962873223365104,1.0,Early,0.041666666666666664
A012,2,A012_2,Common,-0.25840938,0.1962873223365104,25.6,Late,0.06666666666666672
A012,3,A012_3,Common,0.65839624,0.1962873223365104,166.33,Late,5.930416666666667
A012,4,A012_4,Common,0.055890147,0.1962873223365104,166.87,Late,5.952916666666667
A013,1,A013_1,Common,-1.0432792,0.1962873223365104,1.0,Early,0.041666666666666664
A013,2,A013_2,Common,-0.48492253,0.1962873223365104,24.77,Late,0.03208333333333332
A013,3,A013_3,Common,0.6412586,0.1962873223365104,79.66,Late,2.3191666666666664
A013,4,A013_4,Common,-1.0111758,0.1962873223365104,147.13,Late,5.130416666666666
A014,1,A014_1,Common,0.1288651,0.1962873223365104,1.0,Early,0.041666666666666664
A014,2,A014_2,Common,1.320731,0.1962873223365104,25.66,Late,0.06916666666666667
A014,3,A014_3,Common,0.48942116,0.1962873223365104,70.56,Late,1.9400000000000002
A014,4,A014_4,Common,-0.78735405,0.1962873223365104,148.87,Late,5.202916666666667
A015,1,A015_1,Common,1.4246364,0.1962873223365104,1.0,Early,0.041666666666666664
A015,2,A015_2,Common,1.1372008,0.1962873223365104,23.69,Early,0.9870833333333334
A015,3,A015_3,Common,1.4038924,0.1962873223365104,70.59,Late,1.9412500000000001
A015,4,A015_4,Common,-0.47030097,0.1962873223365104,146.54,Late,5.105833333333333
A016,1,A016_1,Common,1.3420854,0.1962873223365104,1.0,Early,0.041666666666666664
A016,2,A016_2,Common,0.5615982,0.1962873223365104,32.85,Late,0.3687500000000001
A016,3,A016_3,Common,0.17722866,0.1962873223365104,80.64,Late,2.36
A016,4,A016_4,Common,-0.875939,0.1962873223365104,150.8,Late,5.283333333333334
A017,1,A017_1,Common,-0.17695434,0.1962873223365104,1.0,Early,0.041666666666666664
A017,2,A017_2,Common,0.741939,0.1962873223365104,20.61,Early,0.85875
A017,3,A017_3,Common,0.18003759,0.1962873223365104,61.28,Late,1.5533333333333335
A017,4,A017_4,Common,0.4956496,0.1962873223365104,140.49,Late,4.853750000000001
A018,1,A018_1,Common,1.0604457,0.1962873223365104,1.0,Early,0.041666666666666664
A018,2,A018_2,Common,-0.07882557,0.1962873223365104,34.03,Late,0.4179166666666667
A018,3,A018_3,Common,-1.0491173,0.1962873223365104,83.64,Late,2.485
A018,4,A018_4,Common,0.44031787,0.1962873223365104,150.87,Late,5.28625
A019,1,A019_1,Common,-0.8709922,0.1962873223365104,1.0,Early,0.041666666666666664
A019,2,A019_2,Common,-0.35722595,0.1962873223365104,28.69,Late,0.1954166666666667
A019,3,A019_3,Common,-0.8311249,0.1962873223365104,83.68,Late,2.486666666666667
A019,4,A019_4,Common,-0.5362667,0.1962873223365104,154.76,Late,5.448333333333333
A020,1,A020_1,Common,0.3413008,0.1962873223365104,1.0,Early,0.041666666666666664
A020,2,A020_2,Common,0.4715719,0.1962873223365104,26.85,Late,0.11875000000000006
A020,3,A020_3,Common,0.16060348,0.1962873223365104,78.25,Late,2.2604166666666665
A020,4,A020_4,Common,-1.9810846,0.1962873223365104,145.78,Late,5.074166666666667
A021,1,A021_1,Common,0.80163884,0.1962873223365104,1.0,Early,0.041666666666666664
A021,2,A021_2,Common,0.10639259,0.1962873223365104,30.21,Late,0.25875000000000004
A021,3,A021_3,Common,0.81882334,0.1962873223365104,74.19,Late,2.09125
A021,4,A021_4,Common,0.684539,0.1962873223365104,140.39,Late,4.8495833333333325
A022,1,A022_1,Common,-0.5011533,0.1962873223365104,1.0,Early,0.041666666666666664
A022,2,A022_2,Common,0.2091155,0.1962873223365104,24.15,Late,0.0062499999999999405
A022,3,A022_3,Common,0.274723,0.1962873223365104,74.46,Late,2.1024999999999996
A022,4,A022_4,Common,0.382118,0.1962873223365104,141.71,Late,4.904583333333334
A023,1,A023_1,Common,0.56837475,0.1962873223365104,1.0,Early,0.041666666666666664
A023,2,A023_2,Common,-0.05869632,0.1962873223365104,25.63,Late,0.06791666666666663
A023,3,A023_3,Common,0.17865486,0.1962873223365104,72.2,Late,2.0083333333333333
A023,4,A023_4,Common,0.5444067,0.1962873223365104,145.07,Late,5.044583333333333
A024,1,A024_1,Common,0.41629925,0.1962873223365104,1.0,Early,0.041666666666666664
A024,2,A024_2,Common,0.16924852,0.1962873223365104,29.57,Late,0.23208333333333334
A024,3,A024_3,Common,0.1597057,0.1962873223365104,91.47,Late,2.81125
A024,4,A024_4,Common,-0.92016464,0.1962873223365104,145.65,Late,5.0687500000000005
A025,1,A025_1,Common,1.3860037,0.1962873223365104,1.0,Early,0.041666666666666664
A025,2,A025_2,Common,1.3983331,0.1962873223365104,23.33,Early,0.9720833333333333
A025,3,A025_3,Common,-0.60741305,0.1962873223365104,72.94,Late,2.0391666666666666
A025,4,A025_4,Common,-0.2785447,0.1962873223365104,137.74,Late,4.739166666666667
A026,1,A026_1,Common,0.46583936,0.1962873223365104,1.0,Early,0.041666666666666664
A026,2,A026_2,Common,-0.6492574,0.1962873223365104,26.48,Late,0.10333333333333335
A026,3,A026_3,Common,0.53066975,0.1962873223365104,75.46,Late,2.1441666666666666
A026,4,A026_4,Common,-0.24492168,0.1962873223365104,147.65,Late,5.152083333333334
A027,1,A027_1,Common,0.16586939,0.1962873223365104,1.0,Early,0.041666666666666664
A027,2,A027_2,Common,0.39497662,0.1962873223365104,28.26,Late,0.17750000000000007
A027,3,A027_3,Common,-0.28117114,0.1962873223365104,74.58,Late,2.1075
A027,4,A027_4,Common,-0.5017699,0.1962873223365104,145.92,Late,5.079999999999999
A028,1,A028_1,Common,1.5246681,0.1962873223365104,1.0,Early,0.041666666666666664
A028,2,A028_2,Common,-0.05649298,0.1962873223365104,22.82,Early,0.9508333333333333
A028,3,A028_3,Common,-0.29285774,0.1962873223365104,72.26,Late,2.0108333333333337
A028,4,A028_4,Common,-0.8199109,0.1962873223365104,138.91,Late,4.787916666666667
A029,1,A029_1,Common,2.1297944,0.1962873223365104,1.0,Early,0.041666666666666664
A029,2,A029_2,Common,0.2633854,0.1962873223365104,28.43,Late,0.18458333333333332
A029,3,A029_3,Common,0.59773153,0.1962873223365104,93.26,Late,2.8858333333333337
A029,4,A029_4,Common,0.7445269,0.1962873223365104,143.14,Late,4.964166666666666
A030,1,A030_1,Common,0.26681468,0.1962873223365104,1.0,Early,0.041666666666666664
A030,2,A030_2,Common,0.6206771,0.1962873223365104,32.95,Late,0.3729166666666668
A030,3,A030_3,Common,0.26908645,0.1962873223365104,71.93,Late,1.9970833333333335
A030,4,A030_4,Common,0.2812115,0.1962873223365104,150.46,Late,5.269166666666667
A031,1,A031_1,Common,1.4706349,0.1962873223365104,1.0,Early,0.041666666666666664
A031,2,A031_2,Common,0.32438183,0.1962873223365104,32.41,Late,0.35041666666666654
A031,3,A031_3,Common,0.38665065,0.1962873223365104,71.56,Late,1.9816666666666667
A031,4,A031_4,Common,-1.0031985,0.1962873223365104,143.85,Late,4.9937499999999995
A032,1,A032_1,Common,0.82081884,0.1962873223365104,1.0,Early,0.041666666666666664
A032,2,A032_2,Common,-0.60881156,0.1962873223365104,57.18,Late,1.3825
A032,3,A032_3,Common,0.47702068,0.1962873223365104,80.16,Late,2.34
A032,4,A032_4,Common,1.7664504,0.1962873223365104,144.51,Late,5.021249999999999
A033,1,A033_1,Common,-0.4666309,0.1962873223365104,1.0,Early,0.041666666666666664
A033,2,A033_2,Common,-0.5709601,0.1962873223365104,29.16,Late,0.215
A033,3,A033_3,Common,0.934703,0.1962873223365104,72.6,Late,2.025
A033,4,A033_4,Common,-0.24082223,0.1962873223365104,168.33,Late,6.013750000000001
A034,1,A034_1,Common,1.3387271,0.1962873223365104,1.0,Early,0.041666666666666664
A034,2,A034_2,Common,1.1189219,0.1962873223365104,26.08,Late,0.0866666666666666
A034,3,A034_3,Common,-0.46482885,0.1962873223365104,74.28,Late,2.095
A034,4,A034_4,Common,0.049237438,0.1962873223365104,145.38,Late,5.0575
A035,1,A035_1,Common,-0.80652094,0.1962873223365104,1.0,Early,0.041666666666666664
A035,2,A035_2,Common,1.1643237,0.1962873223365104,44.76,Late,0.8649999999999999
A035,3,A035_3,Common,-0.59551436,0.1962873223365104,79.98,Late,2.3325
A035,4,A035_4,Common,-0.8755717,0.1962873223365104,152.47,Late,5.352916666666666
A036,1,A036_1,Common,0.74764776,0.1962873223365104,1.0,Early,0.041666666666666664
A036,2,A036_2,Common,-0.5022708,0.1962873223365104,21.63,Early,0.90125
A036,3,A036_3,Common,-0.018576257,0.1962873223365104,71.47,Late,1.9779166666666665
A036,4,A036_4,Common,-1.1207412,0.1962873223365104,143.85,Late,4.9937499999999995
A037,1,A037_1,Common,1.6113735,0.1962873223365104,1.0,Early,0.041666666666666664
A037,2,A037_2,Common,1.1598858,0.1962873223365104,23.7,Early,0.9874999999999999
A037,3,A037_3,Common,-0.4739782,0.1962873223365104,72.08,Late,2.0033333333333334
A037,4,A037_4,Common,0.41819012,0.1962873223365104,143.66,Late,4.985833333333333
A038,1,A038_1,Common,1.078226,0.1962873223365104,1.0,Early,0.041666666666666664
A038,2,A038_2,Common,-0.3119291,0.1962873223365104,71.85,Late,1.9937499999999997
A038,3,A038_3,Common,1.2023473,0.1962873223365104,72.86,Late,2.035833333333333
A038,4,A038_4,Common,0.5360858,0.1962873223365104,152.89,Late,5.370416666666666
A039,1,A039_1,Common,2.113206,0.1962873223365104,1.0,Early,0.041666666666666664
A039,2,A039_2,Common,0.72722864,0.1962873223365104,28.65,Late,0.19374999999999995
A039,3,A039_3,Common,0.6532409,0.1962873223365104,98.84,Late,3.1183333333333336
A039,4,A039_4,Common,-0.19232592,0.1962873223365104,246.24,Late,9.26
A040,1,A040_1,Common,-1.5618265,0.1962873223365104,1.0,Early,0.041666666666666664
A040,2,A040_2,Common,-0.31991416,0.1962873223365104,26.26,Late,0.09416666666666673
A040,3,A040_3,Common,-1.1753646,0.1962873223365104,71.28,Late,1.97
A040,4,A040_4,Common,-0.6841468,0.1962873223365104,143.53,Late,4.980416666666667
A041,1,A041_1,Common,1.2749807,0.1962873223365104,1.0,Early,0.041666666666666664
A041,2,A041_2,Common,-1.0111216,0.1962873223365104,31.78,Late,0.3241666666666667
A041,3,A041_3,Common,-0.52210444,0.1962873223365104,75.74,Late,2.1558333333333333
A041,4,A041_4,Common,0.22386456,0.1962873223365104,141.84,Late,4.91
A042,1,A042_1,Common,-0.38919944,0.1962873223365104,1.0,Early,0.041666666666666664
A042,2,A042_2,Common,-0.94573104,0.1962873223365104,28.93,Late,0.20541666666666666
A042,3,A042_3,Common,-0.60165393,0.1962873223365104,72.17,Late,2.0070833333333336
A042,4,A042_4,Common,-0.919106,0.1962873223365104,146.02,Late,5.084166666666667
A043,1,A043_1,Common,1.0159061,0.1962873223365104,1.0,Early,0.041666666666666664
A043,2,A043_2,Common,0.23345459,0.1962873223365104,25.62,Late,0.06750000000000005
A043,3,A043_3,Common,-0.1154044,0.1962873223365104,64.94,Late,1.7058333333333333
A043,4,A043_4,Common,0.06730463,0.1962873223365104,149.33,Late,5.222083333333334
A044,1,A044_1,Common,-0.021611089,0.1962873223365104,1.0,Early,0.041666666666666664
A044,2,A044_2,Common,0.33177772,0.1962873223365104,47.66,Late,0.9858333333333332
A044,3,A044_3,Common,-1.3885521,0.1962873223365104,91.63,Late,2.8179166666666666
A044,4,A044_4,Common,-0.6907909,0.1962873223365104,155.27,Late,5.4695833333333335
A045,1,A045_1,Common,-0.8811096,0.1962873223365104,1.0,Early,0.041666666666666664
A045,2,A045_2,Common,0.25599375,0.1962873223365104,24.66,Late,0.027500000000000007
A045,3,A045_3,Common,0.28792378,0.1962873223365104,72.23,Late,2.0095833333333335
A045,4,A045_4,Common,-0.73880816,0.1962873223365104,151.52,Late,5.3133333333333335
A046,1,A046_1,Common,-0.8263327,0.1962873223365104,1.0,Early,0.041666666666666664
A046,2,A046_2,Common,-1.0503073,0.1962873223365104,24.32,Late,0.013333333333333345
A046,3,A046_3,Common,-1.6721164,0.1962873223365104,73.05,Late,2.0437499999999997
A046,4,A046_4,Common,-1.5642638,0.1962873223365104,147.94,Late,5.164166666666667
A047,1,A047_1,Common,0.032663453,0.1962873223365104,1.0,Early,0.041666666666666664
A047,2,A047_2,Common,0.31397206,0.1962873223365104,23.46,Early,0.9775
A047,3,A047_3,Common,-1.4813104,0.1962873223365104,76.85,Late,2.202083333333333
A047,4,A047_4,Common,-1.0614867,0.1962873223365104,144.22,Late,5.009166666666666
A048,1,A048_1,Common,1.0506663,0.1962873223365104,1.0,Early,0.041666666666666664
A048,2,A048_2,Common,-0.6741307,0.1962873223365104,23.91,Early,0.99625
A048,3,A048_3,Common,-0.10325131,0.1962873223365104,81.15,Late,2.38125
A048,4,A048_4,Common,0.48396504,0.1962873223365104,146.3,Late,5.095833333333334
A049,1,A049_1,Common,1.7571232,0.1962873223365104,1.0,Early,0.041666666666666664
A049,2,A049_2,Common,-0.60318244,0.1962873223365104,27.12,Late,0.13000000000000003
A049,3,A049_3,Common,0.6597407,0.1962873223365104,111.38,Late,3.640833333333333
A049,4,A049_4,Common,0.3402084,0.1962873223365104,168.86,Late,6.035833333333334
A050,1,A050_1,Common,-0.32734805,0.1962873223365104,1.0,Early,0.041666666666666664
A050,2,A050_2,Common,-0.5032114,0.1962873223365104,24.73,Late,0.030416666666666686
A050,3,A050_3,Common,-0.91217804,0.1962873223365104,93.39,Late,2.89125
A050,4,A050_4,Common,-0.3601759,0.1962873223365104,148.69,Late,5.195416666666667
A051,1,A051_1,Common,0.88582057,0.1962873223365104,1.0,Early,0.041666666666666664
A051,2,A051_2,Common,-0.28985074,0.1962873223365104,17.16,Early,0.715
A051,3,A051_3,Common,-0.6146358,0.1962873223365104,65.63,Late,1.7345833333333331
A051,4,A051_4,Common,-0.11835715,0.1962873223365104,146.99,Late,5.124583333333334
A052,1,A052_1,Common,0.7985213,0.1962873223365104,1.0,Early,0.041666666666666664
A052,2,A052_2,Common,-0.44622117,0.1962873223365104,31.76,Late,0.3233333333333334
A052,3,A052_3,Common,-0.017932264,0.1962873223365104,80.98,Late,2.374166666666667
A052,4,A052_4,Common,0.04671596,0.1962873223365104,153.27,Late,5.38625
A053,1,A053_1,Common,1.12028,0.1962873223365104,1.0,Early,0.041666666666666664
A053,2,A053_2,Common,0.83742,0.1962873223365104,32.71,Late,0.3629166666666667
A053,3,A053_3,Common,-0.50420165,0.1962873223365104,78.28,Late,2.2616666666666667
A053,4,A053_4,Common,-0.45412505,0.1962873223365104,148.9,Late,5.204166666666667
A054,1,A054_1,Common,0.18263195,0.1962873223365104,1.0,Early,0.041666666666666664
A054,2,A054_2,Common,0.97050226,0.1962873223365104,16.9,Early,0.7041666666666666
A054,3,A054_3,Common,0.35355416,0.1962873223365104,72.83,Late,2.0345833333333334
A054,4,A054_4,Common,1.2971294,0.1962873223365104,136.83,Late,4.701250000000001
A055,1,A055_1,Common,-0.84173906,0.1962873223365104,1.0,Early,0.041666666666666664
A055,2,A055_2,Common,0.4803198,0.1962873223365104,23.24,Early,0.9683333333333333
A055,3,A055_3,Common,-1.0578766,0.1962873223365104,74.48,Late,2.1033333333333335
A055,4,A055_4,Common,-1.1588173,0.1962873223365104,149.21,Late,5.217083333333334
A056,1,A056_1,Common,0.57677263,0.1962873223365104,1.0,Early,0.041666666666666664
A056,2,A056_2,Common,-0.4870755,0.1962873223365104,33.61,Late,0.40041666666666664
A056,3,A056_3,Common,0.41734344,0.1962873223365104,71.46,Late,1.9774999999999998
A056,4,A056_4,Common,-1.3208041,0.1962873223365104,147.84,Late,5.16
A057,1,A057_1,Common,-0.6586051,0.1962873223365104,1.0,Early,0.041666666666666664
A057,2,A057_2,Common,-0.5845993,0.1962873223365104,24.78,Late,0.03250000000000005
A057,3,A057_3,Common,-0.740959,0.1962873223365104,73.83,Late,2.07625
A057,4,A057_4,Common,-1.6140344,0.1962873223365104,145.06,Late,5.0441666666666665
A058,1,A058_1,Common,1.2305706,0.1962873223365104,1.0,Early,0.041666666666666664
A058,2,A058_2,Common,-1.1810384,0.1962873223365104,22.96,Early,0.9566666666666667
A058,3,A058_3,Common,-0.43858027,0.1962873223365104,66.28,Late,1.7616666666666667
A058,4,A058_4,Common,-0.59969,0.1962873223365104,143.48,Late,4.978333333333333
A059,1,A059_1,Common,0.9413848,0.1962873223365104,1.0,Early,0.041666666666666664
A059,2,A059_2,Common,1.2146442,0.1962873223365104,30.4,Late,0.2666666666666666
A059,3,A059_3,Common,1.4220468,0.1962873223365104,79.78,Late,2.3241666666666667
A059,4,A059_4,Common,0.37158412,0.1962873223365104,151.93,Late,5.330416666666667
A060,1,A060_1,Common,-0.41893917,0.1962873223365104,1.0,Early,0.041666666666666664
A060,2,A060_2,Common,0.87463915,0.1962873223365104,24.87,Late,0.03625000000000004
A060,3,A060_3,Common,-0.51012707,0.1962873223365104,94.68,Late,2.9450000000000003
A060,4,A060_4,Common,0.5292025,0.1962873223365104,143.91,Late,4.99625
A061,1,A061_1,Common,2.0136983,0.1962873223365104,1.0,Early,0.041666666666666664
A061,2,A061_2,Common,0.953521,0.1962873223365104,35.16,Late,0.46499999999999986
A061,3,A061_3,Common,-0.3127364,0.1962873223365104,82.55,Late,2.439583333333333
A061,4,A061_4,Common,-0.5812956,0.1962873223365104,146.56,Late,5.1066666666666665
A062,1,A062_1,Common,2.011653,0.1962873223365104,1.0,Early,0.041666666666666664
A062,2,A062_2,Common,-0.35419762,0.1962873223365104,44.69,Late,0.8620833333333332
A062,3,A062_3,Common,-0.97456145,0.1962873223365104,92.72,Late,2.8633333333333333
A062,4,A062_4,Common,-1.426174,0.1962873223365104,149.18,Late,5.215833333333333
A063,1,A063_1,Common,1.0972812,0.1962873223365104,1.0,Early,0.041666666666666664
A063,2,A063_2,Common,0.82705617,0.1962873223365104,21.98,Early,0.9158333333333334
A063,3,A063_3,Common,0.27556694,0.1962873223365104,69.99,Late,1.9162499999999998
A063,4,A063_4,Common,-0.8945666,0.1962873223365104,141.09,Late,4.87875
A064,1,A064_1,Common,1.2642903,0.1962873223365104,1.0,Early,0.041666666666666664
A064,2,A064_2,Common,0.73144156,0.1962873223365104,37.65,Late,0.56875
A064,3,A064_3,Common,0.31989926,0.1962873223365104,82.99,Late,2.4579166666666663
A064,4,A064_4,Common,-0.92497724,0.1962873223365104,156.21,Late,5.50875
A065,1,A065_1,Common,-1.3171538,0.1962873223365104,1.0,Early,0.041666666666666664
A065,2,A065_2,Common,0.06738905,0.1962873223365104,32.31,Late,0.3462500000000001
A065,3,A065_3,Common,-1.744844,0.1962873223365104,106.41,Late,3.43375
A065,4,A065_4,Common,-2.1507194,0.1962873223365104,187.43,Late,6.809583333333333
A066,1,A066_1,Common,0.52085555,0.1962873223365104,1.0,Early,0.041666666666666664
A066,2,A066_2,Common,-0.2666786,0.1962873223365104,23.35,Early,0.9729166666666668
A066,3,A066_3,Common,-0.3462124,0.1962873223365104,73.79,Late,2.0745833333333334
A066,4,A066_4,Common,-0.95671576,0.1962873223365104,164.93,Late,5.872083333333333
A067,1,A067_1,Common,0.43133983,0.1962873223365104,1.0,Early,0.041666666666666664
A067,2,A067_2,Common,-1.2040907,0.1962873223365104,29.91,Late,0.24625
A067,3,A067_3,Common,-1.468142,0.1962873223365104,73.19,Late,2.049583333333333
A067,4,A067_4,Common,-1.2924346,0.1962873223365104,144.19,Late,5.007916666666667
A068,1,A068_1,Common,1.1973321,0.1962873223365104,1.0,Early,0.041666666666666664
A068,2,A068_2,Common,-0.06428234,0.1962873223365104,30.49,Late,0.2704166666666666
A068,3,A068_3,Common,0.9597233,0.1962873223365104,82.98,Late,2.4575
A068,4,A068_4,Common,-0.6880742,0.1962873223365104,155.59,Late,5.482916666666667
A069,1,A069_1,Common,-0.8337596,0.1962873223365104,1.0,Early,0.041666666666666664
A069,2,A069_2,Common,-1.1064484,0.1962873223365104,24.96,Late,0.040000000000000036
A069,3,A069_3,Common,0.24429336,0.1962873223365104,79.75,Late,2.3229166666666665
A069,4,A069_4,Common,-0.91262,0.1962873223365104,140.22,Late,4.8425
A070,1,A070_1,Common,0.56656337,0.1962873223365104,1.0,Early,0.041666666666666664
A070,2,A070_2,Common,0.67100656,0.1962873223365104,24.25,Late,0.010416666666666666
A070,3,A070_3,Common,-0.3166986,0.1962873223365104,81.92,Late,2.4133333333333336
A070,4,A070_4,Common,-0.90343934,0.1962873223365104,149.2,Late,5.216666666666666
A071,1,A071_1,Common,0.70789874,0.1962873223365104,1.0,Early,0.041666666666666664
A071,2,A071_2,Common,0.873699,0.1962873223365104,30.92,Late,0.2883333333333334
A071,3,A071_3,Common,0.14909524,0.1962873223365104,79.96,Late,2.3316666666666666
A071,4,A071_4,Common,0.23359789,0.1962873223365104,153.27,Late,5.38625
A072,1,A072_1,Common,0.87721634,0.1962873223365104,1.0,Early,0.041666666666666664
A072,2,A072_2,Common,1.1064863,0.1962873223365104,33.76,Late,0.40666666666666657
A072,3,A072_3,Common,-0.6392919,0.1962873223365104,83.54,Late,2.4808333333333334
A072,4,A072_4,Common,0.11632397,0.1962873223365104,154.89,Late,5.453749999999999
A073,1,A073_1,Common,0.54635656,0.1962873223365104,1.0,Early,0.041666666666666664
A073,2,A073_2,Common,0.29271653,0.1962873223365104,66.66,Late,1.7774999999999999
A073,3,A073_3,Common,0.8597459,0.1962873223365104,66.9,Late,1.7875000000000003
A073,4,A073_4,Common,1.1421618,0.1962873223365104,140.12,Late,4.838333333333334
A074,1,A074_1,Common,1.0982429,0.1962873223365104,1.0,Early,0.041666666666666664
A074,2,A074_2,Common,-0.03720683,0.1962873223365104,29.33,Late,0.22208333333333327
A074,3,A074_3,Common,-1.5277796,0.1962873223365104,73.02,Late,2.0425
A074,4,A074_4,Common,-1.2861127,0.1962873223365104,147.21,Late,5.13375
A075,1,A075_1,Common,0.6850163,0.1962873223365104,1.0,Early,0.041666666666666664
A075,2,A075_2,Common,0.12656468,0.1962873223365104,28.68,Late,0.19499999999999998
A075,3,A075_3,Common,-0.48466563,0.1962873223365104,71.37,Late,1.9737500000000001
A075,4,A075_4,Common,-0.8273441,0.1962873223365104,244.53,Late,9.18875
A076,1,A076_1,Common,0.4877052,0.1962873223365104,1.0,Early,0.041666666666666664
A076,2,A076_2,Common,-1.0494858,0.1962873223365104,27.3,Late,0.13750000000000004
A076,3,A076_3,Common,-1.029358,0.1962873223365104,74.88,Late,2.1199999999999997
A076,4,A076_4,Common,-1.714471,0.1962873223365104,149.28,Late,5.22
A077,1,A077_1,Common,1.1772299,0.1962873223365104,1.0,Early,0.041666666666666664
A077,2,A077_2,Common,-0.79948527,0.1962873223365104,53.88,Late,1.245
A077,3,A077_3,Common,0.18209952,0.1962873223365104,78.36,Late,2.265
A077,4,A077_4,Common,-0.8510503,0.1962873223365104,149.75,Late,5.239583333333333
A078,1,A078_1,Common,-1.0481057,0.1962873223365104,1.0,Early,0.041666666666666664
A078,2,A078_2,Common,-0.51313215,0.1962873223365104,26.17,Late,0.09041666666666674
A078,3,A078_3,Common,-0.97640496,0.1962873223365104,72.3,Late,2.0124999999999997
A078,4,A078_4,Common,-1.0365397,0.1962873223365104,140.08,Late,4.836666666666667
A079,1,A079_1,Common,-0.6625905,0.1962873223365104,1.0,Early,0.041666666666666664
A079,2,A079_2,Common,0.35112518,0.1962873223365104,26.11,Late,0.08791666666666664
A079,3,A079_3,Common,-1.1069062,0.1962873223365104,74.0,Late,2.0833333333333335
A079,4,A079_4,Common,-0.49610496,0.1962873223365104,194.42,Late,7.100833333333333
A080,1,A080_1,Common,0.33154324,0.1962873223365104,1.0,Early,0.041666666666666664
A080,2,A080_2,Common,0.82862,0.1962873223365104,29.03,Late,0.20958333333333337
A080,3,A080_3,Common,-0.1077804,0.1962873223365104,72.87,Late,2.0362500000000003
A080,4,A080_4,Common,0.41689837,0.1962873223365104,145.77,Late,5.07375
A081,1,A081_1,Common,0.00010118604,0.1962873223365104,1.0,Early,0.041666666666666664
A081,2,A081_2,Common,-0.7071566,0.1962873223365104,31.39,Late,0.30791666666666667
A081,3,A081_3,Common,0.545228,0.1962873223365104,80.13,Late,2.3387499999999997
A081,4,A081_4,Common,-0.08591507,0.1962873223365104,154.53,Late,5.43875
A082,1,A082_1,Common,-0.4003049,0.1962873223365104,1.0,Early,0.041666666666666664
A082,2,A082_2,Common,0.8779047,0.1962873223365104,27.97,Late,0.16541666666666663
A082,3,A082_3,Common,0.6359619,0.1962873223365104,75.71,Late,2.154583333333333
A082,4,A082_4,Common,-0.3586941,0.1962873223365104,170.25,Late,6.09375
A083,1,A083_1,Common,1.3698004,0.1962873223365104,1.0,Early,0.041666666666666664
A083,2,A083_2,Common,0.124128915,0.1962873223365104,25.15,Late,0.04791666666666661
A083,3,A083_3,Common,-0.5477029,0.1962873223365104,74.3,Late,2.095833333333333
A083,4,A083_4,Common,-0.37580958,0.1962873223365104,144.91,Late,5.037916666666667
A084,1,A084_1,Common,0.9561993,0.1962873223365104,1.0,Early,0.041666666666666664
A084,2,A084_2,Common,0.013109359,0.1962873223365104,27.25,Late,0.13541666666666666
A084,3,A084_3,Common,0.44351754,0.1962873223365104,91.97,Late,2.8320833333333333
A084,4,A084_4,Common,-0.88956237,0.1962873223365104,162.51,Late,5.771249999999999
A085,1,A085_1,Common,0.0077195168,0.1962873223365104,1.0,Early,0.041666666666666664
A085,2,A085_2,Common,0.49905202,0.1962873223365104,24.51,Late,0.021250000000000064
A085,3,A085_3,Common,0.48035803,0.1962873223365104,71.4,Late,1.9750000000000003
A085,4,A085_4,Common,-0.238934,0.1962873223365104,170.65,Late,6.110416666666667
A086,1,A086_1,Common,0.6558563,0.1962873223365104,1.0,Early,0.041666666666666664
A086,2,A086_2,Common,-0.6139667,0.1962873223365104,23.47,Early,0.9779166666666667
A086,3,A086_3,Common,-0.9025494,0.1962873223365104,145.29,Late,5.05375
A086,4,A086_4,Common,0.24756022,0.1962873223365104,169.55,Late,6.064583333333334
A087,1,A087_1,Common,0.3166234,0.1962873223365104,1.0,Early,0.041666666666666664
A087,2,A087_2,Common,1.0431534,0.1962873223365104,31.07,Late,0.29458333333333336
A087,3,A087_3,Common,0.6456617,0.1962873223365104,72.8,Late,2.033333333333333
A087,4,A087_4,Common,0.8111409,0.1962873223365104,144.2,Late,5.008333333333333
A088,1,A088_1,Common,1.3131995,0.1962873223365104,1.0,Early,0.041666666666666664
A088,2,A088_2,Common,1.6465031,0.1962873223365104,24.25,Late,0.010416666666666666
A088,3,A088_3,Common,1.5184398,0.1962873223365104,74.91,Late,2.12125
A088,4,A088_4,Common,2.0324988,0.1962873223365104,149.93,Late,5.247083333333333
A089,1,A089_1,Common,1.0534189,0.1962873223365104,1.0,Early,0.041666666666666664
A089,2,A089_2,Common,1.2110171,0.1962873223365104,32.14,Late,0.33916666666666667
A089,3,A089_3,Common,-0.28256452,0.1962873223365104,79.34,Late,2.3058333333333336
A089,4,A089_4,Common,-0.5580171,0.1962873223365104,146.96,Late,5.123333333333334
A090,1,A090_1,Common,-0.20894425,0.1962873223365104,1.0,Early,0.041666666666666664
A090,2,A090_2,Common,0.027675819,0.1962873223365104,23.54,Early,0.9808333333333333
A090,3,A090_3,Common,-1.7316093,0.1962873223365104,95.42,Late,2.9758333333333336
A090,4,A090_4,Common,-0.28820184,0.1962873223365104,144.07,Late,5.002916666666667
A091,1,A091_1,Common,0.3393673,0.1962873223365104,1.0,Early,0.041666666666666664
A091,2,A091_2,Common,0.5239488,0.1962873223365104,22.2,Early,0.9249999999999999
A091,3,A091_3,Common,-1.0404031,0.1962873223365104,73.64,Late,2.0683333333333334
A091,4,A091_4,Common,-0.8533299,0.1962873223365104,142.61,Late,4.942083333333334
A092,1,A092_1,Common,-0.16856669,0.1962873223365104,1.0,Early,0.041666666666666664
A092,2,A092_2,Common,-1.4215541,0.1962873223365104,22.83,Early,0.9512499999999999
A092,3,A092_3,Common,-1.2575935,0.1962873223365104,71.31,Late,1.9712500000000002
A092,4,A092_4,Common,-0.93595916,0.1962873223365104,146.16,Late,5.09
A093,1,A093_1,Common,0.9076474,0.1962873223365104,1.0,Early,0.041666666666666664
A093,2,A093_2,Common,1.034495,0.1962873223365104,22.09,Early,0.9204166666666667
A093,3,A093_3,Common,-0.40955505,0.1962873223365104,70.22,Late,1.9258333333333333
A093,4,A093_4,Common,0.45432508,0.1962873223365104,140.95,Late,4.872916666666666
A094,1,A094_1,Common,-0.50477767,0.1962873223365104,1.0,Early,0.041666666666666664
A094,2,A094_2,Common,0.18280746,0.1962873223365104,22.98,Early,0.9575
A094,3,A094_3,Common,-1.3660945,0.1962873223365104,76.21,Late,2.1754166666666666
A094,4,A094_4,Common,-1.0502908,0.1962873223365104,149.99,Late,5.249583333333334
A095,1,A095_1,Common,1.4516914,0.1962873223365104,1.0,Early,0.041666666666666664
A095,2,A095_2,Common,0.27010867,0.1962873223365104,29.71,Late,0.2379166666666667
A095,3,A095_3,Common,0.15615472,0.1962873223365104,78.76,Late,2.2816666666666667
A095,4,A095_4,Common,-0.3831034,0.1962873223365104,148.79,Late,5.199583333333333
A096,1,A096_1,Common,-0.035375316,0.1962873223365104,1.0,Early,0.041666666666666664
A096,2,A096_2,Common,-0.36524564,0.1962873223365104,24.49,Late,0.0204166666666666
A096,3,A096_3,Common,-1.8691895,0.1962873223365104,71.19,Late,1.9662499999999998
A096,4,A096_4,Common,-1.9366536,0.1962873223365104,143.66,Late,4.985833333333333
A097,1,A097_1,Common,0.16170047,0.1962873223365104,1.0,Early,0.041666666666666664
A097,2,A097_2,Common,-0.33125505,0.1962873223365104,24.37,Late,0.015416666666666709
A097,3,A097_3,Common,0.5222428,0.1962873223365104,70.83,Late,1.95125
A097,4,A097_4,Common,0.06591846,0.1962873223365104,144.85,Late,5.035416666666666
A098,1,A098_1,Common,-0.115731314,0.1962873223365104,1.0,Early,0.041666666666666664
A098,2,A098_2,Common,0.3379284,0.1962873223365104,25.77,Late,0.07374999999999998
A098,3,A098_3,Common,0.88451827,0.1962873223365104,78.84,Late,2.285
A098,4,A098_4,Common,-0.7708392,0.1962873223365104,146.29,Late,5.095416666666666
A099,1,A099_1,Common,-0.055051994,0.1962873223365104,1.0,Early,0.041666666666666664
A099,2,A099_2,Common,0.69390166,0.1962873223365104,28.75,Late,0.19791666666666666
A099,3,A099_3,Common,0.45280594,0.1962873223365104,78.57,Late,2.2737499999999997
A099,4,A099_4,Common,0.5266211,0.1962873223365104,143.51,Late,4.979583333333333
A100,1,A100_1,Common,0.57920873,0.1962873223365104,1.0,Early,0.041666666666666664
A100,2,A100_2,Common,1.6019025,0.1962873223365104,31.14,Late,0.29750000000000004
A100,3,A100_3,Common,-0.6404879,0.1962873223365104,75.34,Late,2.1391666666666667
A100,4,A100_4,Common,0.20585074,0.1962873223365104,146.8,Late,5.116666666666667
A101,1,A101_1,Common,-0.68739074,0.1962873223365104,1.0,Early,0.041666666666666664
A101,2,A101_2,Common,-0.8576899,0.1962873223365104,29.12,Late,0.21333333333333337
A101,3,A101_3,Common,-1.2362001,0.1962873223365104,75.21,Late,2.1337499999999996
A101,4,A101_4,Common,-0.65415436,0.1962873223365104,150.22,Late,5.259166666666666
A102,1,A102_1,Common,-0.7212032,0.1962873223365104,1.0,Early,0.041666666666666664
A102,2,A102_2,Common,0.753909,0.1962873223365104,29.13,Late,0.21374999999999997
A102,3,A102_3,Common,-1.0468884,0.1962873223365104,75.27,Late,2.13625
A102,4,A102_4,Common,-0.22491981,0.1962873223365104,150.41,Late,5.267083333333333
A103,1,A103_1,Common,1.0644679,0.1962873223365104,1.0,Early,0.041666666666666664
A103,2,A103_2,Common,-1.095788,0.1962873223365104,27.26,Late,0.1358333333333334
A103,3,A103_3,Common,-1.6128502,0.1962873223365104,80.24,Late,2.3433333333333333
A103,4,A103_4,Common,-0.07195855,0.1962873223365104,149.72,Late,5.238333333333333
A104,1,A104_1,Common,2.1952074,0.1962873223365104,1.0,Early,0.041666666666666664
A104,2,A104_2,Common,0.42920163,0.1962873223365104,22.6,Early,0.9416666666666668
A104,3,A104_3,Common,-0.43959793,0.1962873223365104,72.62,Late,2.0258333333333334
A104,4,A104_4,Common,-0.8763166,0.1962873223365104,145.78,Late,5.074166666666667
A105,1,A105_1,Common,0.44473863,0.1962873223365104,1.0,Early,0.041666666666666664
A105,2,A105_2,Common,0.78645724,0.1962873223365104,22.77,Early,0.94875
A105,3,A105_3,Common,-0.6449184,0.1962873223365104,69.46,Late,1.8941666666666663
A105,4,A105_4,Common,-0.025722215,0.1962873223365104,146.2,Late,5.091666666666666
A106,1,A106_1,Common,0.96928626,0.1962873223365104,1.0,Early,0.041666666666666664
A106,2,A106_2,Common,0.28924912,0.1962873223365104,22.64,Early,0.9433333333333334
A106,3,A106_3,Common,0.18992153,0.1962873223365104,66.08,Late,1.7533333333333332
A106,4,A106_4,Common,0.8632189,0.1962873223365104,147.13,Late,5.130416666666666
A107,1,A107_1,Common,-0.6073473,0.1962873223365104,1.0,Early,0.041666666666666664
A107,2,A107_2,Common,-1.3971989,0.1962873223365104,26.22,Late,0.09249999999999996
A107,3,A107_3,Common,-0.32358083,0.1962873223365104,71.45,Late,1.9770833333333335
A107,4,A107_4,Common,-0.6526746,0.1962873223365104,145.95,Late,5.08125
A108,1,A108_1,Common,-1.000375,0.1962873223365104,1.0,Early,0.041666666666666664
A108,2,A108_2,Common,-0.10793777,0.1962873223365104,27.61,Late,0.15041666666666664
A108,3,A108_3,Common,0.21636847,0.1962873223365104,68.96,Late,1.873333333333333
A108,4,A108_4,Common,-1.3989251,0.1962873223365104,152.12,Late,5.338333333333334
A109,1,A109_1,Common,-0.3117028,0.1962873223365104,1.0,Early,0.041666666666666664
A109,2,A109_2,Common,-1.0503262,0.1962873223365104,24.65,Late,0.027083333333333275
A109,3,A109_3,Common,0.14444596,0.1962873223365104,71.17,Late,1.9654166666666668
A109,4,A109_4,Common,-1.5979277,0.1962873223365104,149.87,Late,5.244583333333334
A010,1,A010_1,Congruent,2.3352752,0.2061241640685505,1.0,Early,0.041666666666666664
A010,2,A010_2,Congruent,0.42396438,0.2061241640685505,21.9,Early,0.9125
A010,3,A010_3,Congruent,-0.40273643,0.2061241640685505,80.88,Late,2.3699999999999997
A010,4,A010_4,Congruent,0.304145,0.2061241640685505,145.31,Late,5.054583333333333
A011,1,A011_1,Congruent,0.73472494,0.2061241640685505,1.0,Early,0.041666666666666664
A011,2,A011_2,Congruent,-0.6467364,0.2061241640685505,24.57,Late,0.02375000000000001
A011,3,A011_3,Congruent,0.063042305,0.2061241640685505,72.55,Late,2.0229166666666667
A011,4,A011_4,Congruent,-0.5131098,0.2061241640685505,148.85,Late,5.202083333333333
A012,1,A012_1,Congruent,0.5804523,0.2061241640685505,1.0,Early,0.041666666666666664
A012,2,A012_2,Congruent,-0.22893,0.2061241640685505,25.6,Late,0.06666666666666672
A012,3,A012_3,Congruent,-0.01893545,0.2061241640685505,166.33,Late,5.930416666666667
A012,4,A012_4,Congruent,-1.0322822,0.2061241640685505,166.87,Late,5.952916666666667
A013,1,A013_1,Congruent,0.5701073,0.2061241640685505,1.0,Early,0.041666666666666664
A013,2,A013_2,Congruent,-1.0367917,0.2061241640685505,24.77,Late,0.03208333333333332
A013,3,A013_3,Congruent,1.4323087,0.2061241640685505,79.66,Late,2.3191666666666664
A013,4,A013_4,Congruent,-1.1159241,0.2061241640685505,147.13,Late,5.130416666666666
A014,1,A014_1,Congruent,0.53654695,0.2061241640685505,1.0,Early,0.041666666666666664
A014,2,A014_2,Congruent,-0.2694951,0.2061241640685505,25.66,Late,0.06916666666666667
A014,3,A014_3,Congruent,0.38656035,0.2061241640685505,70.56,Late,1.9400000000000002
A014,4,A014_4,Congruent,-0.7313914,0.2061241640685505,148.87,Late,5.202916666666667
A015,1,A015_1,Congruent,1.073113,0.2061241640685505,1.0,Early,0.041666666666666664
A015,2,A015_2,Congruent,1.3152177,0.2061241640685505,23.69,Early,0.9870833333333334
A015,3,A015_3,Congruent,1.4822278,0.2061241640685505,70.59,Late,1.9412500000000001
A015,4,A015_4,Congruent,-0.32867005,0.2061241640685505,146.54,Late,5.105833333333333
A016,1,A016_1,Congruent,1.291089,0.2061241640685505,1.0,Early,0.041666666666666664
A016,2,A016_2,Congruent,1.5499188,0.2061241640685505,32.85,Late,0.3687500000000001
A016,3,A016_3,Congruent,-1.2432284,0.2061241640685505,80.64,Late,2.36
A016,4,A016_4,Congruent,-1.4394764,0.2061241640685505,150.8,Late,5.283333333333334
A017,1,A017_1,Congruent,-0.758377,0.2061241640685505,1.0,Early,0.041666666666666664
A017,2,A017_2,Congruent,0.2569686,0.2061241640685505,20.61,Early,0.85875
A017,3,A017_3,Congruent,-0.52562934,0.2061241640685505,61.28,Late,1.5533333333333335
A017,4,A017_4,Congruent,0.04020235,0.2061241640685505,140.49,Late,4.853750000000001
A018,1,A018_1,Congruent,1.5102456,0.2061241640685505,1.0,Early,0.041666666666666664
A018,2,A018_2,Congruent,-0.21597247,0.2061241640685505,34.03,Late,0.4179166666666667
A018,3,A018_3,Congruent,0.060849763,0.2061241640685505,83.64,Late,2.485
A018,4,A018_4,Congruent,-0.17055476,0.2061241640685505,150.87,Late,5.28625
A019,1,A019_1,Congruent,-1.0139009,0.2061241640685505,1.0,Early,0.041666666666666664
A019,2,A019_2,Congruent,-0.52953434,0.2061241640685505,28.69,Late,0.1954166666666667
A019,3,A019_3,Congruent,-0.8048507,0.2061241640685505,83.68,Late,2.486666666666667
A019,4,A019_4,Congruent,-1.1073892,0.2061241640685505,154.76,Late,5.448333333333333
A020,1,A020_1,Congruent,0.5093016,0.2061241640685505,1.0,Early,0.041666666666666664
A020,2,A020_2,Congruent,-0.5068383,0.2061241640685505,26.85,Late,0.11875000000000006
A020,3,A020_3,Congruent,-1.5806824,0.2061241640685505,78.25,Late,2.2604166666666665
A020,4,A020_4,Congruent,-2.0976696,0.2061241640685505,145.78,Late,5.074166666666667
A021,1,A021_1,Congruent,2.0377793,0.2061241640685505,1.0,Early,0.041666666666666664
A021,2,A021_2,Congruent,0.26171365,0.2061241640685505,30.21,Late,0.25875000000000004
A021,3,A021_3,Congruent,-0.1410835,0.2061241640685505,74.19,Late,2.09125
A021,4,A021_4,Congruent,0.18201117,0.2061241640685505,140.39,Late,4.8495833333333325
A022,1,A022_1,Congruent,0.49725094,0.2061241640685505,1.0,Early,0.041666666666666664
A022,2,A022_2,Congruent,0.19156887,0.2061241640685505,24.15,Late,0.0062499999999999405
A022,3,A022_3,Congruent,1.4768845,0.2061241640685505,74.46,Late,2.1024999999999996
A022,4,A022_4,Congruent,0.73934454,0.2061241640685505,141.71,Late,4.904583333333334
A023,1,A023_1,Congruent,-0.6562507,0.2061241640685505,1.0,Early,0.041666666666666664
A023,2,A023_2,Congruent,-0.058118515,0.2061241640685505,25.63,Late,0.06791666666666663
A023,3,A023_3,Congruent,0.4286228,0.2061241640685505,72.2,Late,2.0083333333333333
A023,4,A023_4,Congruent,0.59801745,0.2061241640685505,145.07,Late,5.044583333333333
A024,1,A024_1,Congruent,0.45857278,0.2061241640685505,1.0,Early,0.041666666666666664
A024,2,A024_2,Congruent,0.1918723,0.2061241640685505,29.57,Late,0.23208333333333334
A024,3,A024_3,Congruent,0.4113518,0.2061241640685505,91.47,Late,2.81125
A024,4,A024_4,Congruent,-1.0682684,0.2061241640685505,145.65,Late,5.0687500000000005
A025,1,A025_1,Congruent,0.78151184,0.2061241640685505,1.0,Early,0.041666666666666664
A025,2,A025_2,Congruent,1.5787265,0.2061241640685505,23.33,Early,0.9720833333333333
A025,3,A025_3,Congruent,0.42811912,0.2061241640685505,72.94,Late,2.0391666666666666
A025,4,A025_4,Congruent,-0.46808136,0.2061241640685505,137.74,Late,4.739166666666667
A026,1,A026_1,Congruent,0.8863477,0.2061241640685505,1.0,Early,0.041666666666666664
A026,2,A026_2,Congruent,0.90089154,0.2061241640685505,26.48,Late,0.10333333333333335
A026,3,A026_3,Congruent,0.34505966,0.2061241640685505,75.46,Late,2.1441666666666666
A026,4,A026_4,Congruent,0.16592842,0.2061241640685505,147.65,Late,5.152083333333334
A027,1,A027_1,Congruent,-0.20171066,0.2061241640685505,1.0,Early,0.041666666666666664
A027,2,A027_2,Congruent,1.3977581,0.2061241640685505,28.26,Late,0.17750000000000007
A027,3,A027_3,Congruent,-1.3093231,0.2061241640685505,74.58,Late,2.1075
A027,4,A027_4,Congruent,-0.176613,0.2061241640685505,145.92,Late,5.079999999999999
A028,1,A028_1,Congruent,1.7031448,0.2061241640685505,1.0,Early,0.041666666666666664
A028,2,A028_2,Congruent,-1.2437313,0.2061241640685505,22.82,Early,0.9508333333333333
A028,3,A028_3,Congruent,0.33955434,0.2061241640685505,72.26,Late,2.0108333333333337
A028,4,A028_4,Congruent,-0.26649505,0.2061241640685505,138.91,Late,4.787916666666667
A029,1,A029_1,Congruent,2.0094688,0.2061241640685505,1.0,Early,0.041666666666666664
A029,2,A029_2,Congruent,-1.0400926,0.2061241640685505,28.43,Late,0.18458333333333332
A029,3,A029_3,Congruent,1.1122811,0.2061241640685505,93.26,Late,2.8858333333333337
A029,4,A029_4,Congruent,0.76615715,0.2061241640685505,143.14,Late,4.964166666666666
A030,1,A030_1,Congruent,-0.06886573,0.2061241640685505,1.0,Early,0.041666666666666664
A030,2,A030_2,Congruent,1.0834099,0.2061241640685505,32.95,Late,0.3729166666666668
A030,3,A030_3,Congruent,0.44725955,0.2061241640685505,71.93,Late,1.9970833333333335
A030,4,A030_4,Congruent,0.5109756,0.2061241640685505,150.46,Late,5.269166666666667
A031,1,A031_1,Congruent,0.50127923,0.2061241640685505,1.0,Early,0.041666666666666664
A031,2,A031_2,Congruent,-0.14592373,0.2061241640685505,32.41,Late,0.35041666666666654
A031,3,A031_3,Congruent,-0.8554333,0.2061241640685505,71.56,Late,1.9816666666666667
A031,4,A031_4,Congruent,-0.5366472,0.2061241640685505,143.85,Late,4.9937499999999995
A032,1,A032_1,Congruent,-0.35136977,0.2061241640685505,1.0,Early,0.041666666666666664
A032,2,A032_2,Congruent,0.803311,0.2061241640685505,57.18,Late,1.3825
A032,3,A032_3,Congruent,0.8270539,0.2061241640685505,80.16,Late,2.34
A032,4,A032_4,Congruent,1.7046412,0.2061241640685505,144.51,Late,5.021249999999999
A033,1,A033_1,Congruent,-0.43331796,0.2061241640685505,1.0,Early,0.041666666666666664
A033,2,A033_2,Congruent,0.6877826,0.2061241640685505,29.16,Late,0.215
A033,3,A033_3,Congruent,0.84835505,0.2061241640685505,72.6,Late,2.025
A033,4,A033_4,Congruent,-0.1874351,0.2061241640685505,168.33,Late,6.013750000000001
A034,1,A034_1,Congruent,1.1752179,0.2061241640685505,1.0,Early,0.041666666666666664
A034,2,A034_2,Congruent,0.8730519,0.2061241640685505,26.08,Late,0.0866666666666666
A034,3,A034_3,Congruent,-0.32315242,0.2061241640685505,74.28,Late,2.095
A034,4,A034_4,Congruent,0.09952562,0.2061241640685505,145.38,Late,5.0575
A035,1,A035_1,Congruent,-0.9139977,0.2061241640685505,1.0,Early,0.041666666666666664
A035,2,A035_2,Congruent,0.81915426,0.2061241640685505,44.76,Late,0.8649999999999999
A035,3,A035_3,Congruent,0.21742025,0.2061241640685505,79.98,Late,2.3325
A035,4,A035_4,Congruent,-0.7487059,0.2061241640685505,152.47,Late,5.352916666666666
A036,1,A036_1,Congruent,0.8550636,0.2061241640685505,1.0,Early,0.041666666666666664
A036,2,A036_2,Congruent,-0.12540075,0.2061241640685505,21.63,Early,0.90125
A036,3,A036_3,Congruent,0.28238106,0.2061241640685505,71.47,Late,1.9779166666666665
A036,4,A036_4,Congruent,-1.0393022,0.2061241640685505,143.85,Late,4.9937499999999995
A037,1,A037_1,Congruent,0.22852391,0.2061241640685505,1.0,Early,0.041666666666666664
A037,2,A037_2,Congruent,0.30562398,0.2061241640685505,23.7,Early,0.9874999999999999
A037,3,A037_3,Congruent,0.815768,0.2061241640685505,72.08,Late,2.0033333333333334
A037,4,A037_4,Congruent,-0.58786523,0.2061241640685505,143.66,Late,4.985833333333333
A038,1,A038_1,Congruent,0.9585948,0.2061241640685505,1.0,Early,0.041666666666666664
A038,2,A038_2,Congruent,-0.8893782,0.2061241640685505,71.85,Late,1.9937499999999997
A038,3,A038_3,Congruent,-0.29861468,0.2061241640685505,72.86,Late,2.035833333333333
A038,4,A038_4,Congruent,-0.17653099,0.2061241640685505,152.89,Late,5.370416666666666
A039,1,A039_1,Congruent,1.5005066,0.2061241640685505,1.0,Early,0.041666666666666664
A039,2,A039_2,Congruent,0.20797212,0.2061241640685505,28.65,Late,0.19374999999999995
A039,3,A039_3,Congruent,0.2044791,0.2061241640685505,98.84,Late,3.1183333333333336
A039,4,A039_4,Congruent,0.56958055,0.2061241640685505,246.24,Late,9.26
A040,1,A040_1,Congruent,-0.48951146,0.2061241640685505,1.0,Early,0.041666666666666664
A040,2,A040_2,Congruent,-0.74336016,0.2061241640685505,26.26,Late,0.09416666666666673
A040,3,A040_3,Congruent,-1.1314414,0.2061241640685505,71.28,Late,1.97
A040,4,A040_4,Congruent,-0.48939034,0.2061241640685505,143.53,Late,4.980416666666667
A041,1,A041_1,Congruent,1.5223323,0.2061241640685505,1.0,Early,0.041666666666666664
A041,2,A041_2,Congruent,-1.1600494,0.2061241640685505,31.78,Late,0.3241666666666667
A041,3,A041_3,Congruent,1.2294152,0.2061241640685505,75.74,Late,2.1558333333333333
A041,4,A041_4,Congruent,-0.07053544,0.2061241640685505,141.84,Late,4.91
A042,1,A042_1,Congruent,-0.94992256,0.2061241640685505,1.0,Early,0.041666666666666664
A042,2,A042_2,Congruent,-0.5381136,0.2061241640685505,28.93,Late,0.20541666666666666
A042,3,A042_3,Congruent,-1.0232941,0.2061241640685505,72.17,Late,2.0070833333333336
A042,4,A042_4,Congruent,-0.9369889,0.2061241640685505,146.02,Late,5.084166666666667
A043,1,A043_1,Congruent,-0.15874355,0.2061241640685505,1.0,Early,0.041666666666666664
A043,2,A043_2,Congruent,0.34835568,0.2061241640685505,25.62,Late,0.06750000000000005
A043,3,A043_3,Congruent,-0.17773217,0.2061241640685505,64.94,Late,1.7058333333333333
A043,4,A043_4,Congruent,0.36557552,0.2061241640685505,149.33,Late,5.222083333333334
A044,1,A044_1,Congruent,-0.42967826,0.2061241640685505,1.0,Early,0.041666666666666664
A044,2,A044_2,Congruent,0.29979682,0.2061241640685505,47.66,Late,0.9858333333333332
A044,3,A044_3,Congruent,-1.0432105,0.2061241640685505,91.63,Late,2.8179166666666666
A044,4,A044_4,Congruent,-0.95710677,0.2061241640685505,155.27,Late,5.4695833333333335
A045,1,A045_1,Congruent,0.5991259,0.2061241640685505,1.0,Early,0.041666666666666664
A045,2,A045_2,Congruent,-0.7401306,0.2061241640685505,24.66,Late,0.027500000000000007
A045,3,A045_3,Congruent,-1.3838344,0.2061241640685505,72.23,Late,2.0095833333333335
A045,4,A045_4,Congruent,-0.50810874,0.2061241640685505,151.52,Late,5.3133333333333335
A046,1,A046_1,Congruent,-0.8820126,0.2061241640685505,1.0,Early,0.041666666666666664
A046,2,A046_2,Congruent,-1.3599145,0.2061241640685505,24.32,Late,0.013333333333333345
A046,3,A046_3,Congruent,-1.5709262,0.2061241640685505,73.05,Late,2.0437499999999997
A046,4,A046_4,Congruent,-0.717223,0.2061241640685505,147.94,Late,5.164166666666667
A047,1,A047_1,Congruent,-1.0092126,0.2061241640685505,1.0,Early,0.041666666666666664
A047,2,A047_2,Congruent,-0.5068236,0.2061241640685505,23.46,Early,0.9775
A047,3,A047_3,Congruent,-0.5343058,0.2061241640685505,76.85,Late,2.202083333333333
A047,4,A047_4,Congruent,-1.0075923,0.2061241640685505,144.22,Late,5.009166666666666
A048,1,A048_1,Congruent,1.693677,0.2061241640685505,1.0,Early,0.041666666666666664
A048,2,A048_2,Congruent,0.7271685,0.2061241640685505,23.91,Early,0.99625
A048,3,A048_3,Congruent,0.8357988,0.2061241640685505,81.15,Late,2.38125
A048,4,A048_4,Congruent,-0.4917495,0.2061241640685505,146.3,Late,5.095833333333334
A049,1,A049_1,Congruent,2.279931,0.2061241640685505,1.0,Early,0.041666666666666664
A049,2,A049_2,Congruent,-0.3166686,0.2061241640685505,27.12,Late,0.13000000000000003
A049,3,A049_3,Congruent,0.49153835,0.2061241640685505,111.38,Late,3.640833333333333
A049,4,A049_4,Congruent,1.0439023,0.2061241640685505,168.86,Late,6.035833333333334
A050,1,A050_1,Congruent,-0.65952903,0.2061241640685505,1.0,Early,0.041666666666666664
A050,2,A050_2,Congruent,-0.23185472,0.2061241640685505,24.73,Late,0.030416666666666686
A050,3,A050_3,Congruent,-0.99920005,0.2061241640685505,93.39,Late,2.89125
A050,4,A050_4,Congruent,-0.44994792,0.2061241640685505,148.69,Late,5.195416666666667
A051,1,A051_1,Congruent,1.9709882,0.2061241640685505,1.0,Early,0.041666666666666664
A051,2,A051_2,Congruent,-0.11904877,0.2061241640685505,17.16,Early,0.715
A051,3,A051_3,Congruent,-0.5767097,0.2061241640685505,65.63,Late,1.7345833333333331
A051,4,A051_4,Congruent,0.17635673,0.2061241640685505,146.99,Late,5.124583333333334
A052,1,A052_1,Congruent,0.70940566,0.2061241640685505,1.0,Early,0.041666666666666664
A052,2,A052_2,Congruent,-0.63751054,0.2061241640685505,31.76,Late,0.3233333333333334
A052,3,A052_3,Congruent,0.012148218,0.2061241640685505,80.98,Late,2.374166666666667
A052,4,A052_4,Congruent,-0.5512451,0.2061241640685505,153.27,Late,5.38625
A053,1,A053_1,Congruent,1.3026041,0.2061241640685505,1.0,Early,0.041666666666666664
A053,2,A053_2,Congruent,0.30480924,0.2061241640685505,32.71,Late,0.3629166666666667
A053,3,A053_3,Congruent,0.0602048,0.2061241640685505,78.28,Late,2.2616666666666667
A053,4,A053_4,Congruent,-0.9437242,0.2061241640685505,148.9,Late,5.204166666666667
A054,1,A054_1,Congruent,0.054836024,0.2061241640685505,1.0,Early,0.041666666666666664
A054,2,A054_2,Congruent,0.6558441,0.2061241640685505,16.9,Early,0.7041666666666666
A054,3,A054_3,Congruent,0.8645091,0.2061241640685505,72.83,Late,2.0345833333333334
A054,4,A054_4,Congruent,1.0623502,0.2061241640685505,136.83,Late,4.701250000000001
A055,1,A055_1,Congruent,-0.48899728,0.2061241640685505,1.0,Early,0.041666666666666664
A055,2,A055_2,Congruent,0.6668252,0.2061241640685505,23.24,Early,0.9683333333333333
A055,3,A055_3,Congruent,0.23135751,0.2061241640685505,74.48,Late,2.1033333333333335
A055,4,A055_4,Congruent,-1.3891442,0.2061241640685505,149.21,Late,5.217083333333334
A056,1,A056_1,Congruent,1.474186,0.2061241640685505,1.0,Early,0.041666666666666664
A056,2,A056_2,Congruent,-0.084054,0.2061241640685505,33.61,Late,0.40041666666666664
A056,3,A056_3,Congruent,-0.08848558,0.2061241640685505,71.46,Late,1.9774999999999998
A056,4,A056_4,Congruent,-1.1969587,0.2061241640685505,147.84,Late,5.16
A057,1,A057_1,Congruent,0.15659064,0.2061241640685505,1.0,Early,0.041666666666666664
A057,2,A057_2,Congruent,-1.1784263,0.2061241640685505,24.78,Late,0.03250000000000005
A057,3,A057_3,Congruent,0.18975516,0.2061241640685505,73.83,Late,2.07625
A057,4,A057_4,Congruent,-0.96282315,0.2061241640685505,145.06,Late,5.0441666666666665
A058,1,A058_1,Congruent,1.9888922,0.2061241640685505,1.0,Early,0.041666666666666664
A058,2,A058_2,Congruent,-0.28160018,0.2061241640685505,22.96,Early,0.9566666666666667
A058,3,A058_3,Congruent,-1.0928406,0.2061241640685505,66.28,Late,1.7616666666666667
A058,4,A058_4,Congruent,-0.57762057,0.2061241640685505,143.48,Late,4.978333333333333
A059,1,A059_1,Congruent,0.41310668,0.2061241640685505,1.0,Early,0.041666666666666664
A059,2,A059_2,Congruent,-0.16240932,0.2061241640685505,30.4,Late,0.2666666666666666
A059,3,A059_3,Congruent,1.0853677,0.2061241640685505,79.78,Late,2.3241666666666667
A059,4,A059_4,Congruent,0.24016263,0.2061241640685505,151.93,Late,5.330416666666667
A060,1,A060_1,Congruent,0.14170144,0.2061241640685505,1.0,Early,0.041666666666666664
A060,2,A060_2,Congruent,0.03884568,0.2061241640685505,24.87,Late,0.03625000000000004
A060,3,A060_3,Congruent,0.5968047,0.2061241640685505,94.68,Late,2.9450000000000003
A060,4,A060_4,Congruent,0.2312482,0.2061241640685505,143.91,Late,4.99625
A061,1,A061_1,Congruent,2.2994933,0.2061241640685505,1.0,Early,0.041666666666666664
A061,2,A061_2,Congruent,-0.5375559,0.2061241640685505,35.16,Late,0.46499999999999986
A061,3,A061_3,Congruent,0.7270554,0.2061241640685505,82.55,Late,2.439583333333333
A061,4,A061_4,Congruent,-0.38772622,0.2061241640685505,146.56,Late,5.1066666666666665
A062,1,A062_1,Congruent,-0.62250435,0.2061241640685505,1.0,Early,0.041666666666666664
A062,2,A062_2,Congruent,0.71979195,0.2061241640685505,44.69,Late,0.8620833333333332
A062,3,A062_3,Congruent,-0.2396038,0.2061241640685505,92.72,Late,2.8633333333333333
A062,4,A062_4,Congruent,-1.1185472,0.2061241640685505,149.18,Late,5.215833333333333
A063,1,A063_1,Congruent,1.5583135,0.2061241640685505,1.0,Early,0.041666666666666664
A063,2,A063_2,Congruent,0.57301795,0.2061241640685505,21.98,Early,0.9158333333333334
A063,3,A063_3,Congruent,-1.0391557,0.2061241640685505,69.99,Late,1.9162499999999998
A063,4,A063_4,Congruent,-0.44467676,0.2061241640685505,141.09,Late,4.87875
A064,1,A064_1,Congruent,-0.033955097,0.2061241640685505,1.0,Early,0.041666666666666664
A064,2,A064_2,Congruent,0.8330822,0.2061241640685505,37.65,Late,0.56875
A064,3,A064_3,Congruent,0.5105676,0.2061241640685505,82.99,Late,2.4579166666666663
A064,4,A064_4,Congruent,-0.44249845,0.2061241640685505,156.21,Late,5.50875
A065,1,A065_1,Congruent,-1.2773031,0.2061241640685505,1.0,Early,0.041666666666666664
A065,2,A065_2,Congruent,0.064162605,0.2061241640685505,32.31,Late,0.3462500000000001
A065,3,A065_3,Congruent,-1.6138492,0.2061241640685505,106.41,Late,3.43375
A065,4,A065_4,Congruent,-1.7445728,0.2061241640685505,187.43,Late,6.809583333333333
A066,1,A066_1,Congruent,-0.34936783,0.2061241640685505,1.0,Early,0.041666666666666664
A066,2,A066_2,Congruent,-0.483148,0.2061241640685505,23.35,Early,0.9729166666666668
A066,3,A066_3,Congruent,-0.86631346,0.2061241640685505,73.79,Late,2.0745833333333334
A066,4,A066_4,Congruent,-0.760719,0.2061241640685505,164.93,Late,5.872083333333333
A067,1,A067_1,Congruent,-0.35323784,0.2061241640685505,1.0,Early,0.041666666666666664
A067,2,A067_2,Congruent,-0.94394547,0.2061241640685505,29.91,Late,0.24625
A067,3,A067_3,Congruent,-0.8267787,0.2061241640685505,73.19,Late,2.049583333333333
A067,4,A067_4,Congruent,-1.2339065,0.2061241640685505,144.19,Late,5.007916666666667
A068,1,A068_1,Congruent,1.0260569,0.2061241640685505,1.0,Early,0.041666666666666664
A068,2,A068_2,Congruent,0.42495334,0.2061241640685505,30.49,Late,0.2704166666666666
A068,3,A068_3,Congruent,-0.061965823,0.2061241640685505,82.98,Late,2.4575
A068,4,A068_4,Congruent,-0.30442154,0.2061241640685505,155.59,Late,5.482916666666667
A069,1,A069_1,Congruent,-0.7663394,0.2061241640685505,1.0,Early,0.041666666666666664
A069,2,A069_2,Congruent,-0.6725282,0.2061241640685505,24.96,Late,0.040000000000000036
A069,3,A069_3,Congruent,-1.5109428,0.2061241640685505,79.75,Late,2.3229166666666665
A069,4,A069_4,Congruent,-1.3962642,0.2061241640685505,140.22,Late,4.8425
A070,1,A070_1,Congruent,-0.10258464,0.2061241640685505,1.0,Early,0.041666666666666664
A070,2,A070_2,Congruent,-0.30106032,0.2061241640685505,24.25,Late,0.010416666666666666
A070,3,A070_3,Congruent,-0.8559272,0.2061241640685505,81.92,Late,2.4133333333333336
A070,4,A070_4,Congruent,-0.83665365,0.2061241640685505,149.2,Late,5.216666666666666
A071,1,A071_1,Congruent,1.2530835,0.2061241640685505,1.0,Early,0.041666666666666664
A071,2,A071_2,Congruent,0.3583971,0.2061241640685505,30.92,Late,0.2883333333333334
A071,3,A071_3,Congruent,-1.6629909,0.2061241640685505,79.96,Late,2.3316666666666666
A071,4,A071_4,Congruent,-0.12990214,0.2061241640685505,153.27,Late,5.38625
A072,1,A072_1,Congruent,-0.112263314,0.2061241640685505,1.0,Early,0.041666666666666664
A072,2,A072_2,Congruent,1.1146743,0.2061241640685505,33.76,Late,0.40666666666666657
A072,3,A072_3,Congruent,-0.5818319,0.2061241640685505,83.54,Late,2.4808333333333334
A072,4,A072_4,Congruent,0.19786991,0.2061241640685505,154.89,Late,5.453749999999999
A073,1,A073_1,Congruent,1.5546312,0.2061241640685505,1.0,Early,0.041666666666666664
A073,2,A073_2,Congruent,-0.46244034,0.2061241640685505,66.66,Late,1.7774999999999999
A073,3,A073_3,Congruent,0.36895004,0.2061241640685505,66.9,Late,1.7875000000000003
A073,4,A073_4,Congruent,0.29205632,0.2061241640685505,140.12,Late,4.838333333333334
A074,1,A074_1,Congruent,0.18547921,0.2061241640685505,1.0,Early,0.041666666666666664
A074,2,A074_2,Congruent,0.35892135,0.2061241640685505,29.33,Late,0.22208333333333327
A074,3,A074_3,Congruent,-0.61961347,0.2061241640685505,73.02,Late,2.0425
A074,4,A074_4,Congruent,1.3346335,0.2061241640685505,147.21,Late,5.13375
A075,1,A075_1,Congruent,0.6350618,0.2061241640685505,1.0,Early,0.041666666666666664
A075,2,A075_2,Congruent,1.2109066,0.2061241640685505,28.68,Late,0.19499999999999998
A075,3,A075_3,Congruent,-1.8487816,0.2061241640685505,71.37,Late,1.9737500000000001
A075,4,A075_4,Congruent,-0.0404494,0.2061241640685505,244.53,Late,9.18875
A076,1,A076_1,Congruent,0.04747704,0.2061241640685505,1.0,Early,0.041666666666666664
A076,2,A076_2,Congruent,-0.67410386,0.2061241640685505,27.3,Late,0.13750000000000004
A076,3,A076_3,Congruent,-1.2256078,0.2061241640685505,74.88,Late,2.1199999999999997
A076,4,A076_4,Congruent,-1.1056327,0.2061241640685505,149.28,Late,5.22
A077,1,A077_1,Congruent,-0.44953594,0.2061241640685505,1.0,Early,0.041666666666666664
A077,2,A077_2,Congruent,-0.08587926,0.2061241640685505,53.88,Late,1.245
A077,3,A077_3,Congruent,0.77865267,0.2061241640685505,78.36,Late,2.265
A077,4,A077_4,Congruent,0.90057325,0.2061241640685505,149.75,Late,5.239583333333333
A078,1,A078_1,Congruent,-0.85716176,0.2061241640685505,1.0,Early,0.041666666666666664
A078,2,A078_2,Congruent,0.5926562,0.2061241640685505,26.17,Late,0.09041666666666674
A078,3,A078_3,Congruent,-0.6777786,0.2061241640685505,72.3,Late,2.0124999999999997
A078,4,A078_4,Congruent,-0.75193495,0.2061241640685505,140.08,Late,4.836666666666667
A079,1,A079_1,Congruent,0.7172697,0.2061241640685505,1.0,Early,0.041666666666666664
A079,2,A079_2,Congruent,0.38102,0.2061241640685505,26.11,Late,0.08791666666666664
A079,3,A079_3,Congruent,0.5062731,0.2061241640685505,74.0,Late,2.0833333333333335
A079,4,A079_4,Congruent,-0.3939758,0.2061241640685505,194.42,Late,7.100833333333333
A080,1,A080_1,Congruent,-0.33438247,0.2061241640685505,1.0,Early,0.041666666666666664
A080,2,A080_2,Congruent,1.5502274,0.2061241640685505,29.03,Late,0.20958333333333337
A080,3,A080_3,Congruent,0.23595619,0.2061241640685505,72.87,Late,2.0362500000000003
A080,4,A080_4,Congruent,-1.6039006,0.2061241640685505,145.77,Late,5.07375
A081,1,A081_1,Congruent,0.45815384,0.2061241640685505,1.0,Early,0.041666666666666664
A081,2,A081_2,Congruent,0.5767118,0.2061241640685505,31.39,Late,0.30791666666666667
A081,3,A081_3,Congruent,0.91994727,0.2061241640685505,80.13,Late,2.3387499999999997
A081,4,A081_4,Congruent,0.3316827,0.2061241640685505,154.53,Late,5.43875
A082,1,A082_1,Congruent,0.07705856,0.2061241640685505,1.0,Early,0.041666666666666664
A082,2,A082_2,Congruent,1.2108388,0.2061241640685505,27.97,Late,0.16541666666666663
A082,3,A082_3,Congruent,-0.06594768,0.2061241640685505,75.71,Late,2.154583333333333
A082,4,A082_4,Congruent,-0.003309914,0.2061241640685505,170.25,Late,6.09375
A083,1,A083_1,Congruent,1.1311928,0.2061241640685505,1.0,Early,0.041666666666666664
A083,2,A083_2,Congruent,0.25453722,0.2061241640685505,25.15,Late,0.04791666666666661
A083,3,A083_3,Congruent,-0.093894005,0.2061241640685505,74.3,Late,2.095833333333333
A083,4,A083_4,Congruent,0.7881295,0.2061241640685505,144.91,Late,5.037916666666667
A084,1,A084_1,Congruent,0.4756749,0.2061241640685505,1.0,Early,0.041666666666666664
A084,2,A084_2,Congruent,0.2026438,0.2061241640685505,27.25,Late,0.13541666666666666
A084,3,A084_3,Congruent,1.1289612,0.2061241640685505,91.97,Late,2.8320833333333333
A084,4,A084_4,Congruent,0.5236475,0.2061241640685505,162.51,Late,5.771249999999999
A085,1,A085_1,Congruent,0.1552031,0.2061241640685505,1.0,Early,0.041666666666666664
A085,2,A085_2,Congruent,1.4983407,0.2061241640685505,24.51,Late,0.021250000000000064
A085,3,A085_3,Congruent,0.59526086,0.2061241640685505,71.4,Late,1.9750000000000003
A085,4,A085_4,Congruent,-0.18872286,0.2061241640685505,170.65,Late,6.110416666666667
A086,1,A086_1,Congruent,1.3480834,0.2061241640685505,1.0,Early,0.041666666666666664
A086,2,A086_2,Congruent,0.10453227,0.2061241640685505,23.47,Early,0.9779166666666667
A086,3,A086_3,Congruent,-0.6197766,0.2061241640685505,145.29,Late,5.05375
A086,4,A086_4,Congruent,-1.2639685,0.2061241640685505,169.55,Late,6.064583333333334
A087,1,A087_1,Congruent,0.4606387,0.2061241640685505,1.0,Early,0.041666666666666664
A087,2,A087_2,Congruent,1.2393358,0.2061241640685505,31.07,Late,0.29458333333333336
A087,3,A087_3,Congruent,0.101736434,0.2061241640685505,72.8,Late,2.033333333333333
A087,4,A087_4,Congruent,0.25295004,0.2061241640685505,144.2,Late,5.008333333333333
A088,1,A088_1,Congruent,0.5301715,0.2061241640685505,1.0,Early,0.041666666666666664
A088,2,A088_2,Congruent,1.4829968,0.2061241640685505,24.25,Late,0.010416666666666666
A088,3,A088_3,Congruent,0.56445384,0.2061241640685505,74.91,Late,2.12125
A088,4,A088_4,Congruent,0.2656782,0.2061241640685505,149.93,Late,5.247083333333333
A089,1,A089_1,Congruent,1.3229843,0.2061241640685505,1.0,Early,0.041666666666666664
A089,2,A089_2,Congruent,1.8418807,0.2061241640685505,32.14,Late,0.33916666666666667
A089,3,A089_3,Congruent,0.4289247,0.2061241640685505,79.34,Late,2.3058333333333336
A089,4,A089_4,Congruent,-0.7643541,0.2061241640685505,146.96,Late,5.123333333333334
A090,1,A090_1,Congruent,0.21052608,0.2061241640685505,1.0,Early,0.041666666666666664
A090,2,A090_2,Congruent,0.111108646,0.2061241640685505,23.54,Early,0.9808333333333333
A090,3,A090_3,Congruent,-0.923981,0.2061241640685505,95.42,Late,2.9758333333333336
A090,4,A090_4,Congruent,-0.7582084,0.2061241640685505,144.07,Late,5.002916666666667
A091,1,A091_1,Congruent,0.07040492,0.2061241640685505,1.0,Early,0.041666666666666664
A091,2,A091_2,Congruent,-0.36660793,0.2061241640685505,22.2,Early,0.9249999999999999
A091,3,A091_3,Congruent,-0.43052486,0.2061241640685505,73.64,Late,2.0683333333333334
A091,4,A091_4,Congruent,-1.1137878,0.2061241640685505,142.61,Late,4.942083333333334
A092,1,A092_1,Congruent,-0.75031006,0.2061241640685505,1.0,Early,0.041666666666666664
A092,2,A092_2,Congruent,0.3647664,0.2061241640685505,22.83,Early,0.9512499999999999
A092,3,A092_3,Congruent,-1.6715103,0.2061241640685505,71.31,Late,1.9712500000000002
A092,4,A092_4,Congruent,-0.40421754,0.2061241640685505,146.16,Late,5.09
A093,1,A093_1,Congruent,0.4095768,0.2061241640685505,1.0,Early,0.041666666666666664
A093,2,A093_2,Congruent,0.5446974,0.2061241640685505,22.09,Early,0.9204166666666667
A093,3,A093_3,Congruent,0.9201358,0.2061241640685505,70.22,Late,1.9258333333333333
A093,4,A093_4,Congruent,-1.3002123,0.2061241640685505,140.95,Late,4.872916666666666
A094,1,A094_1,Congruent,-0.6886231,0.2061241640685505,1.0,Early,0.041666666666666664
A094,2,A094_2,Congruent,-0.59592927,0.2061241640685505,22.98,Early,0.9575
A094,3,A094_3,Congruent,-0.5772605,0.2061241640685505,76.21,Late,2.1754166666666666
A094,4,A094_4,Congruent,-0.15202624,0.2061241640685505,149.99,Late,5.249583333333334
A095,1,A095_1,Congruent,1.7489762,0.2061241640685505,1.0,Early,0.041666666666666664
A095,2,A095_2,Congruent,-0.08975462,0.2061241640685505,29.71,Late,0.2379166666666667
A095,3,A095_3,Congruent,-0.9814954,0.2061241640685505,78.76,Late,2.2816666666666667
A095,4,A095_4,Congruent,-0.83802027,0.2061241640685505,148.79,Late,5.199583333333333
A096,1,A096_1,Congruent,0.30585048,0.2061241640685505,1.0,Early,0.041666666666666664
A096,2,A096_2,Congruent,-0.09390502,0.2061241640685505,24.49,Late,0.0204166666666666
A096,3,A096_3,Congruent,-1.4232868,0.2061241640685505,71.19,Late,1.9662499999999998
A096,4,A096_4,Congruent,-0.63723755,0.2061241640685505,143.66,Late,4.985833333333333
A097,1,A097_1,Congruent,0.05084073,0.2061241640685505,1.0,Early,0.041666666666666664
A097,2,A097_2,Congruent,0.4006286,0.2061241640685505,24.37,Late,0.015416666666666709
A097,3,A097_3,Congruent,-0.13535045,0.2061241640685505,70.83,Late,1.95125
A097,4,A097_4,Congruent,-0.97472835,0.2061241640685505,144.85,Late,5.035416666666666
A098,1,A098_1,Congruent,0.92273605,0.2061241640685505,1.0,Early,0.041666666666666664
A098,2,A098_2,Congruent,0.3784041,0.2061241640685505,25.77,Late,0.07374999999999998
A098,3,A098_3,Congruent,0.35566115,0.2061241640685505,78.84,Late,2.285
A098,4,A098_4,Congruent,0.13999347,0.2061241640685505,146.29,Late,5.095416666666666
A099,1,A099_1,Congruent,0.34448373,0.2061241640685505,1.0,Early,0.041666666666666664
A099,2,A099_2,Congruent,0.4557115,0.2061241640685505,28.75,Late,0.19791666666666666
A099,3,A099_3,Congruent,-0.579716,0.2061241640685505,78.57,Late,2.2737499999999997
A099,4,A099_4,Congruent,1.6622602,0.2061241640685505,143.51,Late,4.979583333333333
A100,1,A100_1,Congruent,-1.1675236,0.2061241640685505,1.0,Early,0.041666666666666664
A100,2,A100_2,Congruent,1.4396995,0.2061241640685505,31.14,Late,0.29750000000000004
A100,3,A100_3,Congruent,1.0671802,0.2061241640685505,75.34,Late,2.1391666666666667
A100,4,A100_4,Congruent,-1.0579654,0.2061241640685505,146.8,Late,5.116666666666667
A101,1,A101_1,Congruent,-0.7339132,0.2061241640685505,1.0,Early,0.041666666666666664
A101,2,A101_2,Congruent,-0.07201809,0.2061241640685505,29.12,Late,0.21333333333333337
A101,3,A101_3,Congruent,-1.1354967,0.2061241640685505,75.21,Late,2.1337499999999996
A101,4,A101_4,Congruent,-0.8799016,0.2061241640685505,150.22,Late,5.259166666666666
A102,1,A102_1,Congruent,0.87012297,0.2061241640685505,1.0,Early,0.041666666666666664
A102,2,A102_2,Congruent,1.6128533,0.2061241640685505,29.13,Late,0.21374999999999997
A102,3,A102_3,Congruent,-0.063888825,0.2061241640685505,75.27,Late,2.13625
A102,4,A102_4,Congruent,-1.3671356,0.2061241640685505,150.41,Late,5.267083333333333
A103,1,A103_1,Congruent,1.7191428,0.2061241640685505,1.0,Early,0.041666666666666664
A103,2,A103_2,Congruent,0.036966365,0.2061241640685505,27.26,Late,0.1358333333333334
A103,3,A103_3,Congruent,-0.29822126,0.2061241640685505,80.24,Late,2.3433333333333333
A103,4,A103_4,Congruent,-1.1549125,0.2061241640685505,149.72,Late,5.238333333333333
A104,1,A104_1,Congruent,0.16093552,0.2061241640685505,1.0,Early,0.041666666666666664
A104,2,A104_2,Congruent,1.0341785,0.2061241640685505,22.6,Early,0.9416666666666668
A104,3,A104_3,Congruent,1.1226685,0.2061241640685505,72.62,Late,2.0258333333333334
A104,4,A104_4,Congruent,-1.5214266,0.2061241640685505,145.78,Late,5.074166666666667
A105,1,A105_1,Congruent,0.9818146,0.2061241640685505,1.0,Early,0.041666666666666664
A105,2,A105_2,Congruent,0.6205603,0.2061241640685505,22.77,Early,0.94875
A105,3,A105_3,Congruent,-0.47881082,0.2061241640685505,69.46,Late,1.8941666666666663
A105,4,A105_4,Congruent,-0.58175623,0.2061241640685505,146.2,Late,5.091666666666666
A106,1,A106_1,Congruent,1.75697,0.2061241640685505,1.0,Early,0.041666666666666664
A106,2,A106_2,Congruent,-0.51089793,0.2061241640685505,22.64,Early,0.9433333333333334
A106,3,A106_3,Congruent,0.36100835,0.2061241640685505,66.08,Late,1.7533333333333332
A106,4,A106_4,Congruent,0.3227427,0.2061241640685505,147.13,Late,5.130416666666666
A107,1,A107_1,Congruent,-1.3213788,0.2061241640685505,1.0,Early,0.041666666666666664
A107,2,A107_2,Congruent,-1.5178664,0.2061241640685505,26.22,Late,0.09249999999999996
A107,3,A107_3,Congruent,-0.5515594,0.2061241640685505,71.45,Late,1.9770833333333335
A107,4,A107_4,Congruent,-0.68668693,0.2061241640685505,145.95,Late,5.08125
A108,1,A108_1,Congruent,-0.24534158,0.2061241640685505,1.0,Early,0.041666666666666664
A108,2,A108_2,Congruent,-1.1410556,0.2061241640685505,27.61,Late,0.15041666666666664
A108,3,A108_3,Congruent,0.91510236,0.2061241640685505,68.96,Late,1.873333333333333
A108,4,A108_4,Congruent,-1.0845438,0.2061241640685505,152.12,Late,5.338333333333334
A109,1,A109_1,Congruent,0.03716664,0.2061241640685505,1.0,Early,0.041666666666666664
A109,2,A109_2,Congruent,-0.63798696,0.2061241640685505,24.65,Late,0.027083333333333275
A109,3,A109_3,Congruent,0.36676112,0.2061241640685505,71.17,Late,1.9654166666666668
A109,4,A109_4,Congruent,-1.1214261,0.2061241640685505,149.87,Late,5.244583333333334
A010,1,A010_1,Incongruent,1.8495548,0.2365098342133737,1.0,Early,0.041666666666666664
A010,2,A010_2,Incongruent,-0.015681326,0.2365098342133737,21.9,Early,0.9125
A010,3,A010_3,Incongruent,-0.78981763,0.2365098342133737,80.88,Late,2.3699999999999997
A010,4,A010_4,Incongruent,1.004755,0.2365098342133737,145.31,Late,5.054583333333333
A011,1,A011_1,Incongruent,0.927548,0.2365098342133737,1.0,Early,0.041666666666666664
A011,2,A011_2,Incongruent,-0.1538848,0.2365098342133737,24.57,Late,0.02375000000000001
A011,3,A011_3,Incongruent,-0.42125666,0.2365098342133737,72.55,Late,2.0229166666666667
A011,4,A011_4,Incongruent,-0.32422063,0.2365098342133737,148.85,Late,5.202083333333333
A012,1,A012_1,Incongruent,0.6927246,0.2365098342133737,1.0,Early,0.041666666666666664
A012,2,A012_2,Incongruent,0.033447273,0.2365098342133737,25.6,Late,0.06666666666666672
A012,3,A012_3,Incongruent,1.1025593,0.2365098342133737,166.33,Late,5.930416666666667
A012,4,A012_4,Incongruent,-1.1840969,0.2365098342133737,166.87,Late,5.952916666666667
A013,1,A013_1,Incongruent,-0.16505142,0.2365098342133737,1.0,Early,0.041666666666666664
A013,2,A013_2,Incongruent,-0.6667165,0.2365098342133737,24.77,Late,0.03208333333333332
A013,3,A013_3,Incongruent,1.194037,0.2365098342133737,79.66,Late,2.3191666666666664
A013,4,A013_4,Incongruent,-1.192921,0.2365098342133737,147.13,Late,5.130416666666666
A014,1,A014_1,Incongruent,0.27505073,0.2365098342133737,1.0,Early,0.041666666666666664
A014,2,A014_2,Incongruent,1.0895128,0.2365098342133737,25.66,Late,0.06916666666666667
A014,3,A014_3,Incongruent,-0.10083751,0.2365098342133737,70.56,Late,1.9400000000000002
A014,4,A014_4,Incongruent,-0.9997553,0.2365098342133737,148.87,Late,5.202916666666667
A015,1,A015_1,Incongruent,1.1283869,0.2365098342133737,1.0,Early,0.041666666666666664
A015,2,A015_2,Incongruent,1.361513,0.2365098342133737,23.69,Early,0.9870833333333334
A015,3,A015_3,Incongruent,1.3649361,0.2365098342133737,70.59,Late,1.9412500000000001
A015,4,A015_4,Incongruent,0.19643967,0.2365098342133737,146.54,Late,5.105833333333333
A016,1,A016_1,Incongruent,1.2802452,0.2365098342133737,1.0,Early,0.041666666666666664
A016,2,A016_2,Incongruent,1.489516,0.2365098342133737,32.85,Late,0.3687500000000001
A016,3,A016_3,Incongruent,0.26608974,0.2365098342133737,80.64,Late,2.36
A016,4,A016_4,Incongruent,-0.3671518,0.2365098342133737,150.8,Late,5.283333333333334
A017,1,A017_1,Incongruent,-0.49409226,0.2365098342133737,1.0,Early,0.041666666666666664
A017,2,A017_2,Incongruent,1.3314309,0.2365098342133737,20.61,Early,0.85875
A017,3,A017_3,Incongruent,0.57876515,0.2365098342133737,61.28,Late,1.5533333333333335
A017,4,A017_4,Incongruent,0.9919836,0.2365098342133737,140.49,Late,4.853750000000001
A018,1,A018_1,Incongruent,0.6507261,0.2365098342133737,1.0,Early,0.041666666666666664
A018,2,A018_2,Incongruent,0.8876945,0.2365098342133737,34.03,Late,0.4179166666666667
A018,3,A018_3,Incongruent,-0.38700706,0.2365098342133737,83.64,Late,2.485
A018,4,A018_4,Incongruent,0.28919047,0.2365098342133737,150.87,Late,5.28625
A019,1,A019_1,Incongruent,-0.28521618,0.2365098342133737,1.0,Early,0.041666666666666664
A019,2,A019_2,Incongruent,-1.109437,0.2365098342133737,28.69,Late,0.1954166666666667
A019,3,A019_3,Incongruent,-0.12449538,0.2365098342133737,83.68,Late,2.486666666666667
A019,4,A019_4,Incongruent,-0.2515996,0.2365098342133737,154.76,Late,5.448333333333333
A020,1,A020_1,Incongruent,0.10248403,0.2365098342133737,1.0,Early,0.041666666666666664
A020,2,A020_2,Incongruent,0.029921481,0.2365098342133737,26.85,Late,0.11875000000000006
A020,3,A020_3,Incongruent,-1.1270595,0.2365098342133737,78.25,Late,2.2604166666666665
A020,4,A020_4,Incongruent,-1.7975917,0.2365098342133737,145.78,Late,5.074166666666667
A021,1,A021_1,Incongruent,1.0467342,0.2365098342133737,1.0,Early,0.041666666666666664
A021,2,A021_2,Incongruent,-0.287681,0.2365098342133737,30.21,Late,0.25875000000000004
A021,3,A021_3,Incongruent,-0.33009732,0.2365098342133737,74.19,Late,2.09125
A021,4,A021_4,Incongruent,1.0272207,0.2365098342133737,140.39,Late,4.8495833333333325
A022,1,A022_1,Incongruent,0.4842986,0.2365098342133737,1.0,Early,0.041666666666666664
A022,2,A022_2,Incongruent,0.75264776,0.2365098342133737,24.15,Late,0.0062499999999999405
A022,3,A022_3,Incongruent,0.632036,0.2365098342133737,74.46,Late,2.1024999999999996
A022,4,A022_4,Incongruent,0.3970194,0.2365098342133737,141.71,Late,4.904583333333334
A023,1,A023_1,Incongruent,0.66979575,0.2365098342133737,1.0,Early,0.041666666666666664
A023,2,A023_2,Incongruent,0.14703572,0.2365098342133737,25.63,Late,0.06791666666666663
A023,3,A023_3,Incongruent,0.15521283,0.2365098342133737,72.2,Late,2.0083333333333333
A023,4,A023_4,Incongruent,-0.62461984,0.2365098342133737,145.07,Late,5.044583333333333
A024,1,A024_1,Incongruent,-0.21332482,0.2365098342133737,1.0,Early,0.041666666666666664
A024,2,A024_2,Incongruent,0.54554003,0.2365098342133737,29.57,Late,0.23208333333333334
A024,3,A024_3,Incongruent,-0.9363269,0.2365098342133737,91.47,Late,2.81125
A024,4,A024_4,Incongruent,-1.3045677,0.2365098342133737,145.65,Late,5.0687500000000005
A025,1,A025_1,Incongruent,0.7944789,0.2365098342133737,1.0,Early,0.041666666666666664
A025,2,A025_2,Incongruent,1.4322243,0.2365098342133737,23.33,Early,0.9720833333333333
A025,3,A025_3,Incongruent,-0.5307447,0.2365098342133737,72.94,Late,2.0391666666666666
A025,4,A025_4,Incongruent,-1.0591911,0.2365098342133737,137.74,Late,4.739166666666667
A026,1,A026_1,Incongruent,0.79825217,0.2365098342133737,1.0,Early,0.041666666666666664
A026,2,A026_2,Incongruent,0.37958306,0.2365098342133737,26.48,Late,0.10333333333333335
A026,3,A026_3,Incongruent,0.5891306,0.2365098342133737,75.46,Late,2.1441666666666666
A026,4,A026_4,Incongruent,-0.9533398,0.2365098342133737,147.65,Late,5.152083333333334
A027,1,A027_1,Incongruent,0.7571643,0.2365098342133737,1.0,Early,0.041666666666666664
A027,2,A027_2,Incongruent,0.6780212,0.2365098342133737,28.26,Late,0.17750000000000007
A027,3,A027_3,Incongruent,-0.5856879,0.2365098342133737,74.58,Late,2.1075
A027,4,A027_4,Incongruent,-0.2486425,0.2365098342133737,145.92,Late,5.079999999999999
A028,1,A028_1,Incongruent,1.369158,0.2365098342133737,1.0,Early,0.041666666666666664
A028,2,A028_2,Incongruent,0.3490204,0.2365098342133737,22.82,Early,0.9508333333333333
A028,3,A028_3,Incongruent,0.7839161,0.2365098342133737,72.26,Late,2.0108333333333337
A028,4,A028_4,Incongruent,-0.9181857,0.2365098342133737,138.91,Late,4.787916666666667
A029,1,A029_1,Incongruent,2.0491304,0.2365098342133737,1.0,Early,0.041666666666666664
A029,2,A029_2,Incongruent,0.70584047,0.2365098342133737,28.43,Late,0.18458333333333332
A029,3,A029_3,Incongruent,1.139065,0.2365098342133737,93.26,Late,2.8858333333333337
A029,4,A029_4,Incongruent,-0.03329531,0.2365098342133737,143.14,Late,4.964166666666666
A030,1,A030_1,Incongruent,0.5035225,0.2365098342133737,1.0,Early,0.041666666666666664
A030,2,A030_2,Incongruent,0.39696884,0.2365098342133737,32.95,Late,0.3729166666666668
A030,3,A030_3,Incongruent,0.04883193,0.2365098342133737,71.93,Late,1.9970833333333335
A030,4,A030_4,Incongruent,0.74509096,0.2365098342133737,150.46,Late,5.269166666666667
A031,1,A031_1,Incongruent,1.6509279,0.2365098342133737,1.0,Early,0.041666666666666664
A031,2,A031_2,Incongruent,-0.64630777,0.2365098342133737,32.41,Late,0.35041666666666654
A031,3,A031_3,Incongruent,-0.78419024,0.2365098342133737,71.56,Late,1.9816666666666667
A031,4,A031_4,Incongruent,-1.1325623,0.2365098342133737,143.85,Late,4.9937499999999995
A032,1,A032_1,Incongruent,0.72091097,0.2365098342133737,1.0,Early,0.041666666666666664
A032,2,A032_2,Incongruent,-1.2736943,0.2365098342133737,57.18,Late,1.3825
A032,3,A032_3,Incongruent,-0.1421679,0.2365098342133737,80.16,Late,2.34
A032,4,A032_4,Incongruent,1.6007003,0.2365098342133737,144.51,Late,5.021249999999999
A033,1,A033_1,Incongruent,0.4552093,0.2365098342133737,1.0,Early,0.041666666666666664
A033,2,A033_2,Incongruent,0.13419229,0.2365098342133737,29.16,Late,0.215
A033,3,A033_3,Incongruent,0.67858124,0.2365098342133737,72.6,Late,2.025
A033,4,A033_4,Incongruent,-0.3395916,0.2365098342133737,168.33,Late,6.013750000000001
A034,1,A034_1,Incongruent,1.218904,0.2365098342133737,1.0,Early,0.041666666666666664
A034,2,A034_2,Incongruent,1.4714065,0.2365098342133737,26.08,Late,0.0866666666666666
A034,3,A034_3,Incongruent,0.68295676,0.2365098342133737,74.28,Late,2.095
A034,4,A034_4,Incongruent,-0.03220581,0.2365098342133737,145.38,Late,5.0575
A035,1,A035_1,Incongruent,0.0068166982,0.2365098342133737,1.0,Early,0.041666666666666664
A035,2,A035_2,Incongruent,0.64532655,0.2365098342133737,44.76,Late,0.8649999999999999
A035,3,A035_3,Incongruent,-0.70500445,0.2365098342133737,79.98,Late,2.3325
A035,4,A035_4,Incongruent,-0.8544361,0.2365098342133737,152.47,Late,5.352916666666666
A036,1,A036_1,Incongruent,0.5994135,0.2365098342133737,1.0,Early,0.041666666666666664
A036,2,A036_2,Incongruent,0.21460545,0.2365098342133737,21.63,Early,0.90125
A036,3,A036_3,Incongruent,-0.8283277,0.2365098342133737,71.47,Late,1.9779166666666665
A036,4,A036_4,Incongruent,-0.62613195,0.2365098342133737,143.85,Late,4.9937499999999995
A037,1,A037_1,Incongruent,0.8065208,0.2365098342133737,1.0,Early,0.041666666666666664
A037,2,A037_2,Incongruent,0.7779129,0.2365098342133737,23.7,Early,0.9874999999999999
A037,3,A037_3,Incongruent,0.4209121,0.2365098342133737,72.08,Late,2.0033333333333334
A037,4,A037_4,Incongruent,-0.68632966,0.2365098342133737,143.66,Late,4.985833333333333
A038,1,A038_1,Incongruent,1.2457225,0.2365098342133737,1.0,Early,0.041666666666666664
A038,2,A038_2,Incongruent,-0.17449848,0.2365098342133737,71.85,Late,1.9937499999999997
A038,3,A038_3,Incongruent,1.0740421,0.2365098342133737,72.86,Late,2.035833333333333
A038,4,A038_4,Incongruent,-0.74061143,0.2365098342133737,152.89,Late,5.370416666666666
A039,1,A039_1,Incongruent,1.3803084,0.2365098342133737,1.0,Early,0.041666666666666664
A039,2,A039_2,Incongruent,0.41327596,0.2365098342133737,28.65,Late,0.19374999999999995
A039,3,A039_3,Incongruent,1.0063004,0.2365098342133737,98.84,Late,3.1183333333333336
A039,4,A039_4,Incongruent,0.9507495,0.2365098342133737,246.24,Late,9.26
A040,1,A040_1,Incongruent,0.16926317,0.2365098342133737,1.0,Early,0.041666666666666664
A040,2,A040_2,Incongruent,-0.17563842,0.2365098342133737,26.26,Late,0.09416666666666673
A040,3,A040_3,Incongruent,-1.4163284,0.2365098342133737,71.28,Late,1.97
A040,4,A040_4,Incongruent,-1.3937256,0.2365098342133737,143.53,Late,4.980416666666667
A041,1,A041_1,Incongruent,1.140502,0.2365098342133737,1.0,Early,0.041666666666666664
A041,2,A041_2,Incongruent,-0.5317055,0.2365098342133737,31.78,Late,0.3241666666666667
A041,3,A041_3,Incongruent,-0.07379216,0.2365098342133737,75.74,Late,2.1558333333333333
A041,4,A041_4,Incongruent,1.141611,0.2365098342133737,141.84,Late,4.91
A042,1,A042_1,Incongruent,-0.5787848,0.2365098342133737,1.0,Early,0.041666666666666664
A042,2,A042_2,Incongruent,-0.9761797,0.2365098342133737,28.93,Late,0.20541666666666666
A042,3,A042_3,Incongruent,-0.35500365,0.2365098342133737,72.17,Late,2.0070833333333336
A042,4,A042_4,Incongruent,-1.0544331,0.2365098342133737,146.02,Late,5.084166666666667
A043,1,A043_1,Incongruent,0.6365562,0.2365098342133737,1.0,Early,0.041666666666666664
A043,2,A043_2,Incongruent,-0.36488125,0.2365098342133737,25.62,Late,0.06750000000000005
A043,3,A043_3,Incongruent,-0.32173076,0.2365098342133737,64.94,Late,1.7058333333333333
A043,4,A043_4,Incongruent,-0.3357526,0.2365098342133737,149.33,Late,5.222083333333334
A044,1,A044_1,Incongruent,-0.80062515,0.2365098342133737,1.0,Early,0.041666666666666664
A044,2,A044_2,Incongruent,-0.89945817,0.2365098342133737,47.66,Late,0.9858333333333332
A044,3,A044_3,Incongruent,-1.2523423,0.2365098342133737,91.63,Late,2.8179166666666666
A044,4,A044_4,Incongruent,-0.86056197,0.2365098342133737,155.27,Late,5.4695833333333335
A045,1,A045_1,Incongruent,-0.771518,0.2365098342133737,1.0,Early,0.041666666666666664
A045,2,A045_2,Incongruent,-1.0636017,0.2365098342133737,24.66,Late,0.027500000000000007
A045,3,A045_3,Incongruent,-0.3198602,0.2365098342133737,72.23,Late,2.0095833333333335
A045,4,A045_4,Incongruent,-0.855714,0.2365098342133737,151.52,Late,5.3133333333333335
A046,1,A046_1,Incongruent,-0.17337398,0.2365098342133737,1.0,Early,0.041666666666666664
A046,2,A046_2,Incongruent,-1.5730445,0.2365098342133737,24.32,Late,0.013333333333333345
A046,3,A046_3,Incongruent,-1.775866,0.2365098342133737,73.05,Late,2.0437499999999997
A046,4,A046_4,Incongruent,-0.6509636,0.2365098342133737,147.94,Late,5.164166666666667
A047,1,A047_1,Incongruent,-0.37315792,0.2365098342133737,1.0,Early,0.041666666666666664
A047,2,A047_2,Incongruent,0.06363139,0.2365098342133737,23.46,Early,0.9775
A047,3,A047_3,Incongruent,-1.4591206,0.2365098342133737,76.85,Late,2.202083333333333
A047,4,A047_4,Incongruent,-1.0762047,0.2365098342133737,144.22,Late,5.009166666666666
A048,1,A048_1,Incongruent,1.3832663,0.2365098342133737,1.0,Early,0.041666666666666664
A048,2,A048_2,Incongruent,0.18211488,0.2365098342133737,23.91,Early,0.99625
A048,3,A048_3,Incongruent,-0.22094929,0.2365098342133737,81.15,Late,2.38125
A048,4,A048_4,Incongruent,0.37752387,0.2365098342133737,146.3,Late,5.095833333333334
A049,1,A049_1,Incongruent,1.8093721,0.2365098342133737,1.0,Early,0.041666666666666664
A049,2,A049_2,Incongruent,-0.7185982,0.2365098342133737,27.12,Late,0.13000000000000003
A049,3,A049_3,Incongruent,0.42769104,0.2365098342133737,111.38,Late,3.640833333333333
A049,4,A049_4,Incongruent,-0.3570681,0.2365098342133737,168.86,Late,6.035833333333334
A050,1,A050_1,Incongruent,0.44955093,0.2365098342133737,1.0,Early,0.041666666666666664
A050,2,A050_2,Incongruent,-0.22489542,0.2365098342133737,24.73,Late,0.030416666666666686
A050,3,A050_3,Incongruent,-0.6519587,0.2365098342133737,93.39,Late,2.89125
A050,4,A050_4,Incongruent,-0.07997266,0.2365098342133737,148.69,Late,5.195416666666667
A051,1,A051_1,Incongruent,1.3508412,0.2365098342133737,1.0,Early,0.041666666666666664
A051,2,A051_2,Incongruent,0.3942614,0.2365098342133737,17.16,Early,0.715
A051,3,A051_3,Incongruent,-0.8183705,0.2365098342133737,65.63,Late,1.7345833333333331
A051,4,A051_4,Incongruent,-0.61102885,0.2365098342133737,146.99,Late,5.124583333333334
A052,1,A052_1,Incongruent,0.80218923,0.2365098342133737,1.0,Early,0.041666666666666664
A052,2,A052_2,Incongruent,0.65400946,0.2365098342133737,31.76,Late,0.3233333333333334
A052,3,A052_3,Incongruent,0.8061516,0.2365098342133737,80.98,Late,2.374166666666667
A052,4,A052_4,Incongruent,-1.0938095,0.2365098342133737,153.27,Late,5.38625
A053,1,A053_1,Incongruent,1.1644984,0.2365098342133737,1.0,Early,0.041666666666666664
A053,2,A053_2,Incongruent,0.49758703,0.2365098342133737,32.71,Late,0.3629166666666667
A053,3,A053_3,Incongruent,-0.94908994,0.2365098342133737,78.28,Late,2.2616666666666667
A053,4,A053_4,Incongruent,0.6871204,0.2365098342133737,148.9,Late,5.204166666666667
A054,1,A054_1,Incongruent,-0.18606658,0.2365098342133737,1.0,Early,0.041666666666666664
A054,2,A054_2,Incongruent,0.22012395,0.2365098342133737,16.9,Early,0.7041666666666666
A054,3,A054_3,Incongruent,0.9616685,0.2365098342133737,72.83,Late,2.0345833333333334
A054,4,A054_4,Incongruent,1.3222136,0.2365098342133737,136.83,Late,4.701250000000001
A055,1,A055_1,Incongruent,0.4598856,0.2365098342133737,1.0,Early,0.041666666666666664
A055,2,A055_2,Incongruent,0.5980959,0.2365098342133737,23.24,Early,0.9683333333333333
A055,3,A055_3,Incongruent,-0.84224457,0.2365098342133737,74.48,Late,2.1033333333333335
A055,4,A055_4,Incongruent,-0.7144902,0.2365098342133737,149.21,Late,5.217083333333334
A056,1,A056_1,Incongruent,0.76854396,0.2365098342133737,1.0,Early,0.041666666666666664
A056,2,A056_2,Incongruent,0.72379655,0.2365098342133737,33.61,Late,0.40041666666666664
A056,3,A056_3,Incongruent,0.03914897,0.2365098342133737,71.46,Late,1.9774999999999998
A056,4,A056_4,Incongruent,-1.2513661,0.2365098342133737,147.84,Late,5.16
A057,1,A057_1,Incongruent,0.32195136,0.2365098342133737,1.0,Early,0.041666666666666664
A057,2,A057_2,Incongruent,-0.6246655,0.2365098342133737,24.78,Late,0.03250000000000005
A057,3,A057_3,Incongruent,-0.30852878,0.2365098342133737,73.83,Late,2.07625
A057,4,A057_4,Incongruent,-1.0764493,0.2365098342133737,145.06,Late,5.0441666666666665
A058,1,A058_1,Incongruent,1.1062307,0.2365098342133737,1.0,Early,0.041666666666666664
A058,2,A058_2,Incongruent,-0.72948736,0.2365098342133737,22.96,Early,0.9566666666666667
A058,3,A058_3,Incongruent,0.57581717,0.2365098342133737,66.28,Late,1.7616666666666667
A058,4,A058_4,Incongruent,-0.33740327,0.2365098342133737,143.48,Late,4.978333333333333
A059,1,A059_1,Incongruent,0.6481601,0.2365098342133737,1.0,Early,0.041666666666666664
A059,2,A059_2,Incongruent,1.2386231,0.2365098342133737,30.4,Late,0.2666666666666666
A059,3,A059_3,Incongruent,1.1966753,0.2365098342133737,79.78,Late,2.3241666666666667
A059,4,A059_4,Incongruent,0.39415252,0.2365098342133737,151.93,Late,5.330416666666667
A060,1,A060_1,Incongruent,-0.51847786,0.2365098342133737,1.0,Early,0.041666666666666664
A060,2,A060_2,Incongruent,0.8710442,0.2365098342133737,24.87,Late,0.03625000000000004
A060,3,A060_3,Incongruent,-0.5079555,0.2365098342133737,94.68,Late,2.9450000000000003
A060,4,A060_4,Incongruent,0.5497281,0.2365098342133737,143.91,Late,4.99625
A061,1,A061_1,Incongruent,1.7655311,0.2365098342133737,1.0,Early,0.041666666666666664
A061,2,A061_2,Incongruent,0.90897036,0.2365098342133737,35.16,Late,0.46499999999999986
A061,3,A061_3,Incongruent,1.0996085,0.2365098342133737,82.55,Late,2.439583333333333
A061,4,A061_4,Incongruent,-1.1260257,0.2365098342133737,146.56,Late,5.1066666666666665
A062,1,A062_1,Incongruent,1.426989,0.2365098342133737,1.0,Early,0.041666666666666664
A062,2,A062_2,Incongruent,-0.25618497,0.2365098342133737,44.69,Late,0.8620833333333332
A062,3,A062_3,Incongruent,-1.3890283,0.2365098342133737,92.72,Late,2.8633333333333333
A062,4,A062_4,Incongruent,-0.4313116,0.2365098342133737,149.18,Late,5.215833333333333
A063,1,A063_1,Incongruent,0.88058853,0.2365098342133737,1.0,Early,0.041666666666666664
A063,2,A063_2,Incongruent,0.5718746,0.2365098342133737,21.98,Early,0.9158333333333334
A063,3,A063_3,Incongruent,0.46969423,0.2365098342133737,69.99,Late,1.9162499999999998
A063,4,A063_4,Incongruent,-1.0795428,0.2365098342133737,141.09,Late,4.87875
A064,1,A064_1,Incongruent,1.2385576,0.2365098342133737,1.0,Early,0.041666666666666664
A064,2,A064_2,Incongruent,1.0896745,0.2365098342133737,37.65,Late,0.56875
A064,3,A064_3,Incongruent,0.18757819,0.2365098342133737,82.99,Late,2.4579166666666663
A064,4,A064_4,Incongruent,-0.9012457,0.2365098342133737,156.21,Late,5.50875
A065,1,A065_1,Incongruent,-1.4102844,0.2365098342133737,1.0,Early,0.041666666666666664
A065,2,A065_2,Incongruent,-0.40561426,0.2365098342133737,32.31,Late,0.3462500000000001
A065,3,A065_3,Incongruent,-0.853348,0.2365098342133737,106.41,Late,3.43375
A065,4,A065_4,Incongruent,-1.6086773,0.2365098342133737,187.43,Late,6.809583333333333
A066,1,A066_1,Incongruent,0.4867137,0.2365098342133737,1.0,Early,0.041666666666666664
A066,2,A066_2,Incongruent,-0.2187631,0.2365098342133737,23.35,Early,0.9729166666666668
A066,3,A066_3,Incongruent,-1.323239,0.2365098342133737,73.79,Late,2.0745833333333334
A066,4,A066_4,Incongruent,-0.94659406,0.2365098342133737,164.93,Late,5.872083333333333
A067,1,A067_1,Incongruent,0.18231152,0.2365098342133737,1.0,Early,0.041666666666666664
A067,2,A067_2,Incongruent,-1.2220749,0.2365098342133737,29.91,Late,0.24625
A067,3,A067_3,Incongruent,-1.3802273,0.2365098342133737,73.19,Late,2.049583333333333
A067,4,A067_4,Incongruent,-1.1612169,0.2365098342133737,144.19,Late,5.007916666666667
A068,1,A068_1,Incongruent,1.1782216,0.2365098342133737,1.0,Early,0.041666666666666664
A068,2,A068_2,Incongruent,-0.56203043,0.2365098342133737,30.49,Late,0.2704166666666666
A068,3,A068_3,Incongruent,0.865,0.2365098342133737,82.98,Late,2.4575
A068,4,A068_4,Incongruent,-0.85649955,0.2365098342133737,155.59,Late,5.482916666666667
A069,1,A069_1,Incongruent,-0.5619881,0.2365098342133737,1.0,Early,0.041666666666666664
A069,2,A069_2,Incongruent,-1.1514472,0.2365098342133737,24.96,Late,0.040000000000000036
A069,3,A069_3,Incongruent,-0.36797193,0.2365098342133737,79.75,Late,2.3229166666666665
A069,4,A069_4,Incongruent,-1.3764908,0.2365098342133737,140.22,Late,4.8425
A070,1,A070_1,Incongruent,-0.4836087,0.2365098342133737,1.0,Early,0.041666666666666664
A070,2,A070_2,Incongruent,0.379365,0.2365098342133737,24.25,Late,0.010416666666666666
A070,3,A070_3,Incongruent,-1.0311381,0.2365098342133737,81.92,Late,2.4133333333333336
A070,4,A070_4,Incongruent,-0.76778597,0.2365098342133737,149.2,Late,5.216666666666666
A071,1,A071_1,Incongruent,-0.20029435,0.2365098342133737,1.0,Early,0.041666666666666664
A071,2,A071_2,Incongruent,-0.14540964,0.2365098342133737,30.92,Late,0.2883333333333334
A071,3,A071_3,Incongruent,-0.8588146,0.2365098342133737,79.96,Late,2.3316666666666666
A071,4,A071_4,Incongruent,0.5588658,0.2365098342133737,153.27,Late,5.38625
A072,1,A072_1,Incongruent,0.889561,0.2365098342133737,1.0,Early,0.041666666666666664
A072,2,A072_2,Incongruent,0.5737382,0.2365098342133737,33.76,Late,0.40666666666666657
A072,3,A072_3,Incongruent,-1.2315675,0.2365098342133737,83.54,Late,2.4808333333333334
A072,4,A072_4,Incongruent,-0.19525106,0.2365098342133737,154.89,Late,5.453749999999999
A073,1,A073_1,Incongruent,0.7696608,0.2365098342133737,1.0,Early,0.041666666666666664
A073,2,A073_2,Incongruent,0.19954424,0.2365098342133737,66.66,Late,1.7774999999999999
A073,3,A073_3,Incongruent,0.96659833,0.2365098342133737,66.9,Late,1.7875000000000003
A073,4,A073_4,Incongruent,1.1789728,0.2365098342133737,140.12,Late,4.838333333333334
A074,1,A074_1,Incongruent,0.94610184,0.2365098342133737,1.0,Early,0.041666666666666664
A074,2,A074_2,Incongruent,-0.17883097,0.2365098342133737,29.33,Late,0.22208333333333327
A074,3,A074_3,Incongruent,0.50796634,0.2365098342133737,73.02,Late,2.0425
A074,4,A074_4,Incongruent,-1.0765446,0.2365098342133737,147.21,Late,5.13375
A075,1,A075_1,Incongruent,0.35597882,0.2365098342133737,1.0,Early,0.041666666666666664
A075,2,A075_2,Incongruent,0.19050995,0.2365098342133737,28.68,Late,0.19499999999999998
A075,3,A075_3,Incongruent,-1.3870107,0.2365098342133737,71.37,Late,1.9737500000000001
A075,4,A075_4,Incongruent,-1.1910133,0.2365098342133737,244.53,Late,9.18875
A076,1,A076_1,Incongruent,-0.055492114,0.2365098342133737,1.0,Early,0.041666666666666664
A076,2,A076_2,Incongruent,-1.0282166,0.2365098342133737,27.3,Late,0.13750000000000004
A076,3,A076_3,Incongruent,-1.1447643,0.2365098342133737,74.88,Late,2.1199999999999997
A076,4,A076_4,Incongruent,-1.4897717,0.2365098342133737,149.28,Late,5.22
A077,1,A077_1,Incongruent,1.0832057,0.2365098342133737,1.0,Early,0.041666666666666664
A077,2,A077_2,Incongruent,0.5481428,0.2365098342133737,53.88,Late,1.245
A077,3,A077_3,Incongruent,-0.6028231,0.2365098342133737,78.36,Late,2.265
A077,4,A077_4,Incongruent,-0.024910025,0.2365098342133737,149.75,Late,5.239583333333333
A078,1,A078_1,Incongruent,-0.03935432,0.2365098342133737,1.0,Early,0.041666666666666664
A078,2,A078_2,Incongruent,0.13163377,0.2365098342133737,26.17,Late,0.09041666666666674
A078,3,A078_3,Incongruent,-0.37939614,0.2365098342133737,72.3,Late,2.0124999999999997
A078,4,A078_4,Incongruent,-0.82991654,0.2365098342133737,140.08,Late,4.836666666666667
A079,1,A079_1,Incongruent,0.571432,0.2365098342133737,1.0,Early,0.041666666666666664
A079,2,A079_2,Incongruent,0.25168815,0.2365098342133737,26.11,Late,0.08791666666666664
A079,3,A079_3,Incongruent,-1.1842302,0.2365098342133737,74.0,Late,2.0833333333333335
A079,4,A079_4,Incongruent,-0.72198874,0.2365098342133737,194.42,Late,7.100833333333333
A080,1,A080_1,Incongruent,0.1954386,0.2365098342133737,1.0,Early,0.041666666666666664
A080,2,A080_2,Incongruent,-0.48048288,0.2365098342133737,29.03,Late,0.20958333333333337
A080,3,A080_3,Incongruent,0.054171856,0.2365098342133737,72.87,Late,2.0362500000000003
A080,4,A080_4,Incongruent,-0.5642178,0.2365098342133737,145.77,Late,5.07375
A081,1,A081_1,Incongruent,0.4636711,0.2365098342133737,1.0,Early,0.041666666666666664
A081,2,A081_2,Incongruent,-0.80846375,0.2365098342133737,31.39,Late,0.30791666666666667
A081,3,A081_3,Incongruent,1.0431083,0.2365098342133737,80.13,Late,2.3387499999999997
A081,4,A081_4,Incongruent,-0.007744061,0.2365098342133737,154.53,Late,5.43875
A082,1,A082_1,Incongruent,0.4081296,0.2365098342133737,1.0,Early,0.041666666666666664
A082,2,A082_2,Incongruent,1.3566974,0.2365098342133737,27.97,Late,0.16541666666666663
A082,3,A082_3,Incongruent,0.51109195,0.2365098342133737,75.71,Late,2.154583333333333
A082,4,A082_4,Incongruent,-0.71264565,0.2365098342133737,170.25,Late,6.09375
A083,1,A083_1,Incongruent,1.9672089,0.2365098342133737,1.0,Early,0.041666666666666664
A083,2,A083_2,Incongruent,0.81551206,0.2365098342133737,25.15,Late,0.04791666666666661
A083,3,A083_3,Incongruent,0.33076146,0.2365098342133737,74.3,Late,2.095833333333333
A083,4,A083_4,Incongruent,0.42488086,0.2365098342133737,144.91,Late,5.037916666666667
A084,1,A084_1,Incongruent,0.34656775,0.2365098342133737,1.0,Early,0.041666666666666664
A084,2,A084_2,Incongruent,-0.46278918,0.2365098342133737,27.25,Late,0.13541666666666666
A084,3,A084_3,Incongruent,-0.55949694,0.2365098342133737,91.97,Late,2.8320833333333333
A084,4,A084_4,Incongruent,-0.5263494,0.2365098342133737,162.51,Late,5.771249999999999
A085,1,A085_1,Incongruent,-0.60492045,0.2365098342133737,1.0,Early,0.041666666666666664
A085,2,A085_2,Incongruent,0.8101534,0.2365098342133737,24.51,Late,0.021250000000000064
A085,3,A085_3,Incongruent,-0.8575336,0.2365098342133737,71.4,Late,1.9750000000000003
A085,4,A085_4,Incongruent,-0.94173086,0.2365098342133737,170.65,Late,6.110416666666667
A086,1,A086_1,Incongruent,0.3201268,0.2365098342133737,1.0,Early,0.041666666666666664
A086,2,A086_2,Incongruent,0.5163846,0.2365098342133737,23.47,Early,0.9779166666666667
A086,3,A086_3,Incongruent,-0.9413575,0.2365098342133737,145.29,Late,5.05375
A086,4,A086_4,Incongruent,-0.9490816,0.2365098342133737,169.55,Late,6.064583333333334
A087,1,A087_1,Incongruent,-0.16664389,0.2365098342133737,1.0,Early,0.041666666666666664
A087,2,A087_2,Incongruent,0.6195668,0.2365098342133737,31.07,Late,0.29458333333333336
A087,3,A087_3,Incongruent,0.7460708,0.2365098342133737,72.8,Late,2.033333333333333
A087,4,A087_4,Incongruent,0.29474986,0.2365098342133737,144.2,Late,5.008333333333333
A088,1,A088_1,Incongruent,1.5047297,0.2365098342133737,1.0,Early,0.041666666666666664
A088,2,A088_2,Incongruent,1.5726674,0.2365098342133737,24.25,Late,0.010416666666666666
A088,3,A088_3,Incongruent,1.2116629,0.2365098342133737,74.91,Late,2.12125
A088,4,A088_4,Incongruent,1.7613931,0.2365098342133737,149.93,Late,5.247083333333333
A089,1,A089_1,Incongruent,0.56494594,0.2365098342133737,1.0,Early,0.041666666666666664
A089,2,A089_2,Incongruent,0.57670295,0.2365098342133737,32.14,Late,0.33916666666666667
A089,3,A089_3,Incongruent,0.2386981,0.2365098342133737,79.34,Late,2.3058333333333336
A089,4,A089_4,Incongruent,0.45080766,0.2365098342133737,146.96,Late,5.123333333333334
A090,1,A090_1,Incongruent,-0.26355815,0.2365098342133737,1.0,Early,0.041666666666666664
A090,2,A090_2,Incongruent,-0.85531676,0.2365098342133737,23.54,Early,0.9808333333333333
A090,3,A090_3,Incongruent,-0.3625516,0.2365098342133737,95.42,Late,2.9758333333333336
A090,4,A090_4,Incongruent,-0.49008408,0.2365098342133737,144.07,Late,5.002916666666667
A091,1,A091_1,Incongruent,0.57984126,0.2365098342133737,1.0,Early,0.041666666666666664
A091,2,A091_2,Incongruent,-0.4956108,0.2365098342133737,22.2,Early,0.9249999999999999
A091,3,A091_3,Incongruent,-1.0913205,0.2365098342133737,73.64,Late,2.0683333333333334
A091,4,A091_4,Incongruent,-0.5084233,0.2365098342133737,142.61,Late,4.942083333333334
A092,1,A092_1,Incongruent,0.16063099,0.2365098342133737,1.0,Early,0.041666666666666664
A092,2,A092_2,Incongruent,-1.2741792,0.2365098342133737,22.83,Early,0.9512499999999999
A092,3,A092_3,Incongruent,0.120479345,0.2365098342133737,71.31,Late,1.9712500000000002
A092,4,A092_4,Incongruent,-1.0033731,0.2365098342133737,146.16,Late,5.09
A093,1,A093_1,Incongruent,-0.25305656,0.2365098342133737,1.0,Early,0.041666666666666664
A093,2,A093_2,Incongruent,1.1499113,0.2365098342133737,22.09,Early,0.9204166666666667
A093,3,A093_3,Incongruent,-0.09855731,0.2365098342133737,70.22,Late,1.9258333333333333
A093,4,A093_4,Incongruent,0.86319566,0.2365098342133737,140.95,Late,4.872916666666666
A094,1,A094_1,Incongruent,-0.8723581,0.2365098342133737,1.0,Early,0.041666666666666664
A094,2,A094_2,Incongruent,-0.11033577,0.2365098342133737,22.98,Early,0.9575
A094,3,A094_3,Incongruent,-1.204232,0.2365098342133737,76.21,Late,2.1754166666666666
A094,4,A094_4,Incongruent,-1.0615593,0.2365098342133737,149.99,Late,5.249583333333334
A095,1,A095_1,Incongruent,1.4008193,0.2365098342133737,1.0,Early,0.041666666666666664
A095,2,A095_2,Incongruent,-0.04127826,0.2365098342133737,29.71,Late,0.2379166666666667
A095,3,A095_3,Incongruent,0.12027418,0.2365098342133737,78.76,Late,2.2816666666666667
A095,4,A095_4,Incongruent,0.29968035,0.2365098342133737,148.79,Late,5.199583333333333
A096,1,A096_1,Incongruent,-0.9870649,0.2365098342133737,1.0,Early,0.041666666666666664
A096,2,A096_2,Incongruent,-0.57167214,0.2365098342133737,24.49,Late,0.0204166666666666
A096,3,A096_3,Incongruent,-1.7338066,0.2365098342133737,71.19,Late,1.9662499999999998
A096,4,A096_4,Incongruent,-1.8857074,0.2365098342133737,143.66,Late,4.985833333333333
A097,1,A097_1,Incongruent,0.34418228,0.2365098342133737,1.0,Early,0.041666666666666664
A097,2,A097_2,Incongruent,-0.8859063,0.2365098342133737,24.37,Late,0.015416666666666709
A097,3,A097_3,Incongruent,0.74868965,0.2365098342133737,70.83,Late,1.95125
A097,4,A097_4,Incongruent,-0.9338368,0.2365098342133737,144.85,Late,5.035416666666666
A098,1,A098_1,Incongruent,0.76136076,0.2365098342133737,1.0,Early,0.041666666666666664
A098,2,A098_2,Incongruent,-0.03355606,0.2365098342133737,25.77,Late,0.07374999999999998
A098,3,A098_3,Incongruent,1.1111528,0.2365098342133737,78.84,Late,2.285
A098,4,A098_4,Incongruent,-1.0091684,0.2365098342133737,146.29,Late,5.095416666666666
A099,1,A099_1,Incongruent,0.704551,0.2365098342133737,1.0,Early,0.041666666666666664
A099,2,A099_2,Incongruent,0.70550025,0.2365098342133737,28.75,Late,0.19791666666666666
A099,3,A099_3,Incongruent,0.7894194,0.2365098342133737,78.57,Late,2.2737499999999997
A099,4,A099_4,Incongruent,1.1979358,0.2365098342133737,143.51,Late,4.979583333333333
A100,1,A100_1,Incongruent,0.4960371,0.2365098342133737,1.0,Early,0.041666666666666664
A100,2,A100_2,Incongruent,1.6154647,0.2365098342133737,31.14,Late,0.29750000000000004
A100,3,A100_3,Incongruent,0.18737194,0.2365098342133737,75.34,Late,2.1391666666666667
A100,4,A100_4,Incongruent,0.3911374,0.2365098342133737,146.8,Late,5.116666666666667
A101,1,A101_1,Incongruent,0.44689605,0.2365098342133737,1.0,Early,0.041666666666666664
A101,2,A101_2,Incongruent,-0.50965416,0.2365098342133737,29.12,Late,0.21333333333333337
A101,3,A101_3,Incongruent,-0.4359814,0.2365098342133737,75.21,Late,2.1337499999999996
A101,4,A101_4,Incongruent,-0.5481525,0.2365098342133737,150.22,Late,5.259166666666666
A102,1,A102_1,Incongruent,-0.64556795,0.2365098342133737,1.0,Early,0.041666666666666664
A102,2,A102_2,Incongruent,1.1701075,0.2365098342133737,29.13,Late,0.21374999999999997
A102,3,A102_3,Incongruent,-0.24429756,0.2365098342133737,75.27,Late,2.13625
A102,4,A102_4,Incongruent,0.6889397,0.2365098342133737,150.41,Late,5.267083333333333
A103,1,A103_1,Incongruent,1.5161003,0.2365098342133737,1.0,Early,0.041666666666666664
A103,2,A103_2,Incongruent,-0.40180504,0.2365098342133737,27.26,Late,0.1358333333333334
A103,3,A103_3,Incongruent,-0.86616784,0.2365098342133737,80.24,Late,2.3433333333333333
A103,4,A103_4,Incongruent,-0.9358198,0.2365098342133737,149.72,Late,5.238333333333333
A104,1,A104_1,Incongruent,1.2890347,0.2365098342133737,1.0,Early,0.041666666666666664
A104,2,A104_2,Incongruent,0.59902304,0.2365098342133737,22.6,Early,0.9416666666666668
A104,3,A104_3,Incongruent,-0.4135195,0.2365098342133737,72.62,Late,2.0258333333333334
A104,4,A104_4,Incongruent,-1.1469584,0.2365098342133737,145.78,Late,5.074166666666667
A105,1,A105_1,Incongruent,0.79853475,0.2365098342133737,1.0,Early,0.041666666666666664
A105,2,A105_2,Incongruent,0.124345265,0.2365098342133737,22.77,Early,0.94875
A105,3,A105_3,Incongruent,-0.97130466,0.2365098342133737,69.46,Late,1.8941666666666663
A105,4,A105_4,Incongruent,-0.40869832,0.2365098342133737,146.2,Late,5.091666666666666
A106,1,A106_1,Incongruent,1.2260157,0.2365098342133737,1.0,Early,0.041666666666666664
A106,2,A106_2,Incongruent,-0.43201688,0.2365098342133737,22.64,Early,0.9433333333333334
A106,3,A106_3,Incongruent,-0.21938318,0.2365098342133737,66.08,Late,1.7533333333333332
A106,4,A106_4,Incongruent,0.57478887,0.2365098342133737,147.13,Late,5.130416666666666
A107,1,A107_1,Incongruent,-0.5693406,0.2365098342133737,1.0,Early,0.041666666666666664
A107,2,A107_2,Incongruent,-0.9967513,0.2365098342133737,26.22,Late,0.09249999999999996
A107,3,A107_3,Incongruent,-1.1911126,0.2365098342133737,71.45,Late,1.9770833333333335
A107,4,A107_4,Incongruent,-0.66778487,0.2365098342133737,145.95,Late,5.08125
A108,1,A108_1,Incongruent,-0.5866931,0.2365098342133737,1.0,Early,0.041666666666666664
A108,2,A108_2,Incongruent,-0.8319504,0.2365098342133737,27.61,Late,0.15041666666666664
A108,3,A108_3,Incongruent,-0.5968496,0.2365098342133737,68.96,Late,1.873333333333333
A108,4,A108_4,Incongruent,-1.3508645,0.2365098342133737,152.12,Late,5.338333333333334
A109,1,A109_1,Incongruent,-0.23544823,0.2365098342133737,1.0,Early,0.041666666666666664
A109,2,A109_2,Incongruent,-1.0278164,0.2365098342133737,24.65,Late,0.027083333333333275
A109,3,A109_3,Incongruent,0.26390916,0.2365098342133737,71.17,Late,1.9654166666666668
A109,4,A109_4,Incongruent,-1.3818485,0.2365098342133737,149.87,Late,5.244583333333334
