composite_ID,theta_common,theta_congruent,theta_incongruent,se_common,se_congruent,se_incongruent
A010_1,1.6000581,2.3352752,1.8495548,0.1962873223365104,0.2061241640685505,0.2365098342133737
A010_2,0.4028944,0.42396438,-0.015681326,0.1962873223365104,0.2061241640685505,0.2365098342133737
A010_3,-0.8561796,-0.40273643,-0.78981763,0.1962873223365104,0.2061241640685505,0.2365098342133737
A010_4,-0.14796121,0.304145,1.004755,0.1962873223365104,0.2061241640685505,0.2365098342133737
A011_1,0.5500402,0.73472494,0.927548,0.1962873223365104,0.2061241640685505,0.2365098342133737
A011_2,0.75908333,-0.6467364,-0.1538848,0.1962873223365104,0.2061241640685505,0.2365098342133737
A011_3,-0.6526953,0.063042305,-0.42125666,0.1962873223365104,0.2061241640685505,0.2365098342133737
A011_4,-0.6465008,-0.5131098,-0.32422063,0.1962873223365104,0.2061241640685505,0.2365098342133737
A012_1,0.48022103,0.5804523,0.6927246,0.1962873223365104,0.2061241640685505,0.2365098342133737
A012_2,-0.25840938,-0.22893,0.033447273,0.1962873223365104,0.2061241640685505,0.2365098342133737
A012_3,0.65839624,-0.01893545,1.1025593,0.1962873223365104,0.2061241640685505,0.2365098342133737
A012_4,0.055890147,-1.0322822,-1.1840969,0.1962873223365104,0.2061241640685505,0.2365098342133737
A013_1,-1.0432792,0.5701073,-0.16505142,0.1962873223365104,0.2061241640685505,0.2365098342133737
A013_2,-0.48492253,-1.0367917,-0.6667165,0.1962873223365104,0.2061241640685505,0.2365098342133737
A013_3,0.6412586,1.4323087,1.194037,0.1962873223365104,0.2061241640685505,0.2365098342133737
A013_4,-1.0111758,-1.1159241,-1.192921,0.1962873223365104,0.2061241640685505,0.2365098342133737
A014_1,0.1288651,0.53654695,0.27505073,0.1962873223365104,0.2061241640685505,0.2365098342133737
A014_2,1.320731,-0.2694951,1.0895128,0.1962873223365104,0.2061241640685505,0.2365098342133737
A014_3,0.48942116,0.38656035,-0.10083751,0.1962873223365104,0.2061241640685505,0.2365098342133737
A014_4,-0.78735405,-0.7313914,-0.9997553,0.1962873223365104,0.2061241640685505,0.2365098342133737
A015_1,1.4246364,1.073113,1.1283869,0.1962873223365104,0.2061241640685505,0.2365098342133737
A015_2,1.1372008,1.3152177,1.361513,0.1962873223365104,0.2061241640685505,0.2365098342133737
A015_3,1.4038924,1.4822278,1.3649361,0.1962873223365104,0.2061241640685505,0.2365098342133737
A015_4,-0.47030097,-0.32867005,0.19643967,0.1962873223365104,0.2061241640685505,0.2365098342133737
A016_1,1.3420854,1.291089,1.2802452,0.1962873223365104,0.2061241640685505,0.2365098342133737
A016_2,0.5615982,1.5499188,1.489516,0.1962873223365104,0.2061241640685505,0.2365098342133737
A016_3,0.17722866,-1.2432284,0.26608974,0.1962873223365104,0.2061241640685505,0.2365098342133737
A016_4,-0.875939,-1.4394764,-0.3671518,0.1962873223365104,0.2061241640685505,0.2365098342133737
A017_1,-0.17695434,-0.758377,-0.49409226,0.1962873223365104,0.2061241640685505,0.2365098342133737
A017_2,0.741939,0.2569686,1.3314309,0.1962873223365104,0.2061241640685505,0.2365098342133737
A017_3,0.18003759,-0.52562934,0.57876515,0.1962873223365104,0.2061241640685505,0.2365098342133737
A017_4,0.4956496,0.04020235,0.9919836,0.1962873223365104,0.2061241640685505,0.2365098342133737
A018_1,1.0604457,1.5102456,0.6507261,0.1962873223365104,0.2061241640685505,0.2365098342133737
A018_2,-0.07882557,-0.21597247,0.8876945,0.1962873223365104,0.2061241640685505,0.2365098342133737
A018_3,-1.0491173,0.060849763,-0.38700706,0.1962873223365104,0.2061241640685505,0.2365098342133737
A018_4,0.44031787,-0.17055476,0.28919047,0.1962873223365104,0.2061241640685505,0.2365098342133737
A019_1,-0.8709922,-1.0139009,-0.28521618,0.1962873223365104,0.2061241640685505,0.2365098342133737
A019_2,-0.35722595,-0.52953434,-1.109437,0.1962873223365104,0.2061241640685505,0.2365098342133737
A019_3,-0.8311249,-0.8048507,-0.12449538,0.1962873223365104,0.2061241640685505,0.2365098342133737
A019_4,-0.5362667,-1.1073892,-0.2515996,0.1962873223365104,0.2061241640685505,0.2365098342133737
A020_1,0.3413008,0.5093016,0.10248403,0.1962873223365104,0.2061241640685505,0.2365098342133737
A020_2,0.4715719,-0.5068383,0.029921481,0.1962873223365104,0.2061241640685505,0.2365098342133737
A020_3,0.16060348,-1.5806824,-1.1270595,0.1962873223365104,0.2061241640685505,0.2365098342133737
A020_4,-1.9810846,-2.0976696,-1.7975917,0.1962873223365104,0.2061241640685505,0.2365098342133737
A021_1,0.80163884,2.0377793,1.0467342,0.1962873223365104,0.2061241640685505,0.2365098342133737
A021_2,0.10639259,0.26171365,-0.287681,0.1962873223365104,0.2061241640685505,0.2365098342133737
A021_3,0.81882334,-0.1410835,-0.33009732,0.1962873223365104,0.2061241640685505,0.2365098342133737
A021_4,0.684539,0.18201117,1.0272207,0.1962873223365104,0.2061241640685505,0.2365098342133737
A022_1,-0.5011533,0.49725094,0.4842986,0.1962873223365104,0.2061241640685505,0.2365098342133737
A022_2,0.2091155,0.19156887,0.75264776,0.1962873223365104,0.2061241640685505,0.2365098342133737
A022_3,0.274723,1.4768845,0.632036,0.1962873223365104,0.2061241640685505,0.2365098342133737
A022_4,0.382118,0.73934454,0.3970194,0.1962873223365104,0.2061241640685505,0.2365098342133737
A023_1,0.56837475,-0.6562507,0.66979575,0.1962873223365104,0.2061241640685505,0.2365098342133737
A023_2,-0.05869632,-0.058118515,0.14703572,0.1962873223365104,0.2061241640685505,0.2365098342133737
A023_3,0.17865486,0.4286228,0.15521283,0.1962873223365104,0.2061241640685505,0.2365098342133737
A023_4,0.5444067,0.59801745,-0.62461984,0.1962873223365104,0.2061241640685505,0.2365098342133737
A024_1,0.41629925,0.45857278,-0.21332482,0.1962873223365104,0.2061241640685505,0.2365098342133737
A024_2,0.16924852,0.1918723,0.54554003,0.1962873223365104,0.2061241640685505,0.2365098342133737
A024_3,0.1597057,0.4113518,-0.9363269,0.1962873223365104,0.2061241640685505,0.2365098342133737
A024_4,-0.92016464,-1.0682684,-1.3045677,0.1962873223365104,0.2061241640685505,0.2365098342133737
A025_1,1.3860037,0.78151184,0.7944789,0.1962873223365104,0.2061241640685505,0.2365098342133737
A025_2,1.3983331,1.5787265,1.4322243,0.1962873223365104,0.2061241640685505,0.2365098342133737
A025_3,-0.60741305,0.42811912,-0.5307447,0.1962873223365104,0.2061241640685505,0.2365098342133737
A025_4,-0.2785447,-0.46808136,-1.0591911,0.1962873223365104,0.2061241640685505,0.2365098342133737
A026_1,0.46583936,0.8863477,0.79825217,0.1962873223365104,0.2061241640685505,0.2365098342133737
A026_2,-0.6492574,0.90089154,0.37958306,0.1962873223365104,0.2061241640685505,0.2365098342133737
A026_3,0.53066975,0.34505966,0.5891306,0.1962873223365104,0.2061241640685505,0.2365098342133737
A026_4,-0.24492168,0.16592842,-0.9533398,0.1962873223365104,0.2061241640685505,0.2365098342133737
A027_1,0.16586939,-0.20171066,0.7571643,0.1962873223365104,0.2061241640685505,0.2365098342133737
A027_2,0.39497662,1.3977581,0.6780212,0.1962873223365104,0.2061241640685505,0.2365098342133737
A027_3,-0.28117114,-1.3093231,-0.5856879,0.1962873223365104,0.2061241640685505,0.2365098342133737
A027_4,-0.5017699,-0.176613,-0.2486425,0.1962873223365104,0.2061241640685505,0.2365098342133737
A028_1,1.5246681,1.7031448,1.369158,0.1962873223365104,0.2061241640685505,0.2365098342133737
A028_2,-0.05649298,-1.2437313,0.3490204,0.1962873223365104,0.2061241640685505,0.2365098342133737
A028_3,-0.29285774,0.33955434,0.7839161,0.1962873223365104,0.2061241640685505,0.2365098342133737
A028_4,-0.8199109,-0.26649505,-0.9181857,0.1962873223365104,0.2061241640685505,0.2365098342133737
A029_1,2.1297944,2.0094688,2.0491304,0.1962873223365104,0.2061241640685505,0.2365098342133737
A029_2,0.2633854,-1.0400926,0.70584047,0.1962873223365104,0.2061241640685505,0.2365098342133737
A029_3,0.59773153,1.1122811,1.139065,0.1962873223365104,0.2061241640685505,0.2365098342133737
A029_4,0.7445269,0.76615715,-0.03329531,0.1962873223365104,0.2061241640685505,0.2365098342133737
A030_1,0.26681468,-0.06886573,0.5035225,0.1962873223365104,0.2061241640685505,0.2365098342133737
A030_2,0.6206771,1.0834099,0.39696884,0.1962873223365104,0.2061241640685505,0.2365098342133737
A030_3,0.26908645,0.44725955,0.04883193,0.1962873223365104,0.2061241640685505,0.2365098342133737
A030_4,0.2812115,0.5109756,0.74509096,0.1962873223365104,0.2061241640685505,0.2365098342133737
A031_1,1.4706349,0.50127923,1.6509279,0.1962873223365104,0.2061241640685505,0.2365098342133737
A031_2,0.32438183,-0.14592373,-0.64630777,0.1962873223365104,0.2061241640685505,0.2365098342133737
A031_3,0.38665065,-0.8554333,-0.78419024,0.1962873223365104,0.2061241640685505,0.2365098342133737
A031_4,-1.0031985,-0.5366472,-1.1325623,0.1962873223365104,0.2061241640685505,0.2365098342133737
A032_1,0.82081884,-0.35136977,0.72091097,0.1962873223365104,0.2061241640685505,0.2365098342133737
A032_2,-0.60881156,0.803311,-1.2736943,0.1962873223365104,0.2061241640685505,0.2365098342133737
A032_3,0.47702068,0.8270539,-0.1421679,0.1962873223365104,0.2061241640685505,0.2365098342133737
A032_4,1.7664504,1.7046412,1.6007003,0.1962873223365104,0.2061241640685505,0.2365098342133737
A033_1,-0.4666309,-0.43331796,0.4552093,0.1962873223365104,0.2061241640685505,0.2365098342133737
A033_2,-0.5709601,0.6877826,0.13419229,0.1962873223365104,0.2061241640685505,0.2365098342133737
A033_3,0.934703,0.84835505,0.67858124,0.1962873223365104,0.2061241640685505,0.2365098342133737
A033_4,-0.24082223,-0.1874351,-0.3395916,0.1962873223365104,0.2061241640685505,0.2365098342133737
A034_1,1.3387271,1.1752179,1.218904,0.1962873223365104,0.2061241640685505,0.2365098342133737
A034_2,1.1189219,0.8730519,1.4714065,0.1962873223365104,0.2061241640685505,0.2365098342133737
A034_3,-0.46482885,-0.32315242,0.68295676,0.1962873223365104,0.2061241640685505,0.2365098342133737
A034_4,0.049237438,0.09952562,-0.03220581,0.1962873223365104,0.2061241640685505,0.2365098342133737
A035_1,-0.80652094,-0.9139977,0.0068166982,0.1962873223365104,0.2061241640685505,0.2365098342133737
A035_2,1.1643237,0.81915426,0.64532655,0.1962873223365104,0.2061241640685505,0.2365098342133737
A035_3,-0.59551436,0.21742025,-0.70500445,0.1962873223365104,0.2061241640685505,0.2365098342133737
A035_4,-0.8755717,-0.7487059,-0.8544361,0.1962873223365104,0.2061241640685505,0.2365098342133737
A036_1,0.74764776,0.8550636,0.5994135,0.1962873223365104,0.2061241640685505,0.2365098342133737
A036_2,-0.5022708,-0.12540075,0.21460545,0.1962873223365104,0.2061241640685505,0.2365098342133737
A036_3,-0.018576257,0.28238106,-0.8283277,0.1962873223365104,0.2061241640685505,0.2365098342133737
A036_4,-1.1207412,-1.0393022,-0.62613195,0.1962873223365104,0.2061241640685505,0.2365098342133737
A037_1,1.6113735,0.22852391,0.8065208,0.1962873223365104,0.2061241640685505,0.2365098342133737
A037_2,1.1598858,0.30562398,0.7779129,0.1962873223365104,0.2061241640685505,0.2365098342133737
A037_3,-0.4739782,0.815768,0.4209121,0.1962873223365104,0.2061241640685505,0.2365098342133737
A037_4,0.41819012,-0.58786523,-0.68632966,0.1962873223365104,0.2061241640685505,0.2365098342133737
A038_1,1.078226,0.9585948,1.2457225,0.1962873223365104,0.2061241640685505,0.2365098342133737
A038_2,-0.3119291,-0.8893782,-0.17449848,0.1962873223365104,0.2061241640685505,0.2365098342133737
A038_3,1.2023473,-0.29861468,1.0740421,0.1962873223365104,0.2061241640685505,0.2365098342133737
A038_4,0.5360858,-0.17653099,-0.74061143,0.1962873223365104,0.2061241640685505,0.2365098342133737
A039_1,2.113206,1.5005066,1.3803084,0.1962873223365104,0.2061241640685505,0.2365098342133737
A039_2,0.72722864,0.20797212,0.41327596,0.1962873223365104,0.2061241640685505,0.2365098342133737
A039_3,0.6532409,0.2044791,1.0063004,0.1962873223365104,0.2061241640685505,0.2365098342133737
A039_4,-0.19232592,0.56958055,0.9507495,0.1962873223365104,0.2061241640685505,0.2365098342133737
A040_1,-1.5618265,-0.48951146,0.16926317,0.1962873223365104,0.2061241640685505,0.2365098342133737
A040_2,-0.31991416,-0.74336016,-0.17563842,0.1962873223365104,0.2061241640685505,0.2365098342133737
A040_3,-1.1753646,-1.1314414,-1.4163284,0.1962873223365104,0.2061241640685505,0.2365098342133737
A040_4,-0.6841468,-0.48939034,-1.3937256,0.1962873223365104,0.2061241640685505,0.2365098342133737
A041_1,1.2749807,1.5223323,1.140502,0.1962873223365104,0.2061241640685505,0.2365098342133737
A041_2,-1.0111216,-1.1600494,-0.5317055,0.1962873223365104,0.2061241640685505,0.2365098342133737
A041_3,-0.52210444,1.2294152,-0.07379216,0.1962873223365104,0.2061241640685505,0.2365098342133737
A041_4,0.22386456,-0.07053544,1.141611,0.1962873223365104,0.2061241640685505,0.2365098342133737
A042_1,-0.38919944,-0.94992256,-0.5787848,0.1962873223365104,0.2061241640685505,0.2365098342133737
A042_2,-0.94573104,-0.5381136,-0.9761797,0.1962873223365104,0.2061241640685505,0.2365098342133737
A042_3,-0.60165393,-1.0232941,-0.35500365,0.1962873223365104,0.2061241640685505,0.2365098342133737
A042_4,-0.919106,-0.9369889,-1.0544331,0.1962873223365104,0.2061241640685505,0.2365098342133737
A043_1,1.0159061,-0.15874355,0.6365562,0.1962873223365104,0.2061241640685505,0.2365098342133737
A043_2,0.23345459,0.34835568,-0.36488125,0.1962873223365104,0.2061241640685505,0.2365098342133737
A043_3,-0.1154044,-0.17773217,-0.32173076,0.1962873223365104,0.2061241640685505,0.2365098342133737
A043_4,0.06730463,0.36557552,-0.3357526,0.1962873223365104,0.2061241640685505,0.2365098342133737
A044_1,-0.021611089,-0.42967826,-0.80062515,0.1962873223365104,0.2061241640685505,0.2365098342133737
A044_2,0.33177772,0.29979682,-0.89945817,0.1962873223365104,0.2061241640685505,0.2365098342133737
A044_3,-1.3885521,-1.0432105,-1.2523423,0.1962873223365104,0.2061241640685505,0.2365098342133737
A044_4,-0.6907909,-0.95710677,-0.86056197,0.1962873223365104,0.2061241640685505,0.2365098342133737
A045_1,-0.8811096,0.5991259,-0.771518,0.1962873223365104,0.2061241640685505,0.2365098342133737
A045_2,0.25599375,-0.7401306,-1.0636017,0.1962873223365104,0.2061241640685505,0.2365098342133737
A045_3,0.28792378,-1.3838344,-0.3198602,0.1962873223365104,0.2061241640685505,0.2365098342133737
A045_4,-0.73880816,-0.50810874,-0.855714,0.1962873223365104,0.2061241640685505,0.2365098342133737
A046_1,-0.8263327,-0.8820126,-0.17337398,0.1962873223365104,0.2061241640685505,0.2365098342133737
A046_2,-1.0503073,-1.3599145,-1.5730445,0.1962873223365104,0.2061241640685505,0.2365098342133737
A046_3,-1.6721164,-1.5709262,-1.775866,0.1962873223365104,0.2061241640685505,0.2365098342133737
A046_4,-1.5642638,-0.717223,-0.6509636,0.1962873223365104,0.2061241640685505,0.2365098342133737
A047_1,0.032663453,-1.0092126,-0.37315792,0.1962873223365104,0.2061241640685505,0.2365098342133737
A047_2,0.31397206,-0.5068236,0.06363139,0.1962873223365104,0.2061241640685505,0.2365098342133737
A047_3,-1.4813104,-0.5343058,-1.4591206,0.1962873223365104,0.2061241640685505,0.2365098342133737
A047_4,-1.0614867,-1.0075923,-1.0762047,0.1962873223365104,0.2061241640685505,0.2365098342133737
A048_1,1.0506663,1.693677,1.3832663,0.1962873223365104,0.2061241640685505,0.2365098342133737
A048_2,-0.6741307,0.7271685,0.18211488,0.1962873223365104,0.2061241640685505,0.2365098342133737
A048_3,-0.10325131,0.8357988,-0.22094929,0.1962873223365104,0.2061241640685505,0.2365098342133737
A048_4,0.48396504,-0.4917495,0.37752387,0.1962873223365104,0.2061241640685505,0.2365098342133737
A049_1,1.7571232,2.279931,1.8093721,0.1962873223365104,0.2061241640685505,0.2365098342133737
A049_2,-0.60318244,-0.3166686,-0.7185982,0.1962873223365104,0.2061241640685505,0.2365098342133737
A049_3,0.6597407,0.49153835,0.42769104,0.1962873223365104,0.2061241640685505,0.2365098342133737
A049_4,0.3402084,1.0439023,-0.3570681,0.1962873223365104,0.2061241640685505,0.2365098342133737
A050_1,-0.32734805,-0.65952903,0.44955093,0.1962873223365104,0.2061241640685505,0.2365098342133737
A050_2,-0.5032114,-0.23185472,-0.22489542,0.1962873223365104,0.2061241640685505,0.2365098342133737
A050_3,-0.91217804,-0.99920005,-0.6519587,0.1962873223365104,0.2061241640685505,0.2365098342133737
A050_4,-0.3601759,-0.44994792,-0.07997266,0.1962873223365104,0.2061241640685505,0.2365098342133737
A051_1,0.88582057,1.9709882,1.3508412,0.1962873223365104,0.2061241640685505,0.2365098342133737
A051_2,-0.28985074,-0.11904877,0.3942614,0.1962873223365104,0.2061241640685505,0.2365098342133737
A051_3,-0.6146358,-0.5767097,-0.8183705,0.1962873223365104,0.2061241640685505,0.2365098342133737
A051_4,-0.11835715,0.17635673,-0.61102885,0.1962873223365104,0.2061241640685505,0.2365098342133737
A052_1,0.7985213,0.70940566,0.80218923,0.1962873223365104,0.2061241640685505,0.2365098342133737
A052_2,-0.44622117,-0.63751054,0.65400946,0.1962873223365104,0.2061241640685505,0.2365098342133737
A052_3,-0.017932264,0.012148218,0.8061516,0.1962873223365104,0.2061241640685505,0.2365098342133737
A052_4,0.04671596,-0.5512451,-1.0938095,0.1962873223365104,0.2061241640685505,0.2365098342133737
A053_1,1.12028,1.3026041,1.1644984,0.1962873223365104,0.2061241640685505,0.2365098342133737
A053_2,0.83742,0.30480924,0.49758703,0.1962873223365104,0.2061241640685505,0.2365098342133737
A053_3,-0.50420165,0.0602048,-0.94908994,0.1962873223365104,0.2061241640685505,0.2365098342133737
A053_4,-0.45412505,-0.9437242,0.6871204,0.1962873223365104,0.2061241640685505,0.2365098342133737
A054_1,0.18263195,0.054836024,-0.18606658,0.1962873223365104,0.2061241640685505,0.2365098342133737
A054_2,0.97050226,0.6558441,0.22012395,0.1962873223365104,0.2061241640685505,0.2365098342133737
A054_3,0.35355416,0.8645091,0.9616685,0.1962873223365104,0.2061241640685505,0.2365098342133737
A054_4,1.2971294,1.0623502,1.3222136,0.1962873223365104,0.2061241640685505,0.2365098342133737
A055_1,-0.84173906,-0.48899728,0.4598856,0.1962873223365104,0.2061241640685505,0.2365098342133737
A055_2,0.4803198,0.6668252,0.5980959,0.1962873223365104,0.2061241640685505,0.2365098342133737
A055_3,-1.0578766,0.23135751,-0.84224457,0.1962873223365104,0.2061241640685505,0.2365098342133737
A055_4,-1.1588173,-1.3891442,-0.7144902,0.1962873223365104,0.2061241640685505,0.2365098342133737
A056_1,0.57677263,1.474186,0.76854396,0.1962873223365104,0.2061241640685505,0.2365098342133737
A056_2,-0.4870755,-0.084054,0.72379655,0.1962873223365104,0.2061241640685505,0.2365098342133737
A056_3,0.41734344,-0.08848558,0.03914897,0.1962873223365104,0.2061241640685505,0.2365098342133737
A056_4,-1.3208041,-1.1969587,-1.2513661,0.1962873223365104,0.2061241640685505,0.2365098342133737
A057_1,-0.6586051,0.15659064,0.32195136,0.1962873223365104,0.2061241640685505,0.2365098342133737
A057_2,-0.5845993,-1.1784263,-0.6246655,0.1962873223365104,0.2061241640685505,0.2365098342133737
A057_3,-0.740959,0.18975516,-0.30852878,0.1962873223365104,0.2061241640685505,0.2365098342133737
A057_4,-1.6140344,-0.96282315,-1.0764493,0.1962873223365104,0.2061241640685505,0.2365098342133737
A058_1,1.2305706,1.9888922,1.1062307,0.1962873223365104,0.2061241640685505,0.2365098342133737
A058_2,-1.1810384,-0.28160018,-0.72948736,0.1962873223365104,0.2061241640685505,0.2365098342133737
A058_3,-0.43858027,-1.0928406,0.57581717,0.1962873223365104,0.2061241640685505,0.2365098342133737
A058_4,-0.59969,-0.57762057,-0.33740327,0.1962873223365104,0.2061241640685505,0.2365098342133737
A059_1,0.9413848,0.41310668,0.6481601,0.1962873223365104,0.2061241640685505,0.2365098342133737
A059_2,1.2146442,-0.16240932,1.2386231,0.1962873223365104,0.2061241640685505,0.2365098342133737
A059_3,1.4220468,1.0853677,1.1966753,0.1962873223365104,0.2061241640685505,0.2365098342133737
A059_4,0.37158412,0.24016263,0.39415252,0.1962873223365104,0.2061241640685505,0.2365098342133737
A060_1,-0.41893917,0.14170144,-0.51847786,0.1962873223365104,0.2061241640685505,0.2365098342133737
A060_2,0.87463915,0.03884568,0.8710442,0.1962873223365104,0.2061241640685505,0.2365098342133737
A060_3,-0.51012707,0.5968047,-0.5079555,0.1962873223365104,0.2061241640685505,0.2365098342133737
A060_4,0.5292025,0.2312482,0.5497281,0.1962873223365104,0.2061241640685505,0.2365098342133737
A061_1,2.0136983,2.2994933,1.7655311,0.1962873223365104,0.2061241640685505,0.2365098342133737
A061_2,0.953521,-0.5375559,0.90897036,0.1962873223365104,0.2061241640685505,0.2365098342133737
A061_3,-0.3127364,0.7270554,1.0996085,0.1962873223365104,0.2061241640685505,0.2365098342133737
A061_4,-0.5812956,-0.38772622,-1.1260257,0.1962873223365104,0.2061241640685505,0.2365098342133737
A062_1,2.011653,-0.62250435,1.426989,0.1962873223365104,0.2061241640685505,0.2365098342133737
A062_2,-0.35419762,0.71979195,-0.25618497,0.1962873223365104,0.2061241640685505,0.2365098342133737
A062_3,-0.97456145,-0.2396038,-1.3890283,0.1962873223365104,0.2061241640685505,0.2365098342133737
A062_4,-1.426174,-1.1185472,-0.4313116,0.1962873223365104,0.2061241640685505,0.2365098342133737
A063_1,1.0972812,1.5583135,0.88058853,0.1962873223365104,0.2061241640685505,0.2365098342133737
A063_2,0.82705617,0.57301795,0.5718746,0.1962873223365104,0.2061241640685505,0.2365098342133737
A063_3,0.27556694,-1.0391557,0.46969423,0.1962873223365104,0.2061241640685505,0.2365098342133737
A063_4,-0.8945666,-0.44467676,-1.0795428,0.1962873223365104,0.2061241640685505,0.2365098342133737
A064_1,1.2642903,-0.033955097,1.2385576,0.1962873223365104,0.2061241640685505,0.2365098342133737
A064_2,0.73144156,0.8330822,1.0896745,0.1962873223365104,0.2061241640685505,0.2365098342133737
A064_3,0.31989926,0.5105676,0.18757819,0.1962873223365104,0.2061241640685505,0.2365098342133737
A064_4,-0.92497724,-0.44249845,-0.9012457,0.1962873223365104,0.2061241640685505,0.2365098342133737
A065_1,-1.3171538,-1.2773031,-1.4102844,0.1962873223365104,0.2061241640685505,0.2365098342133737
A065_2,0.06738905,0.064162605,-0.40561426,0.1962873223365104,0.2061241640685505,0.2365098342133737
A065_3,-1.744844,-1.6138492,-0.853348,0.1962873223365104,0.2061241640685505,0.2365098342133737
A065_4,-2.1507194,-1.7445728,-1.6086773,0.1962873223365104,0.2061241640685505,0.2365098342133737
A066_1,0.52085555,-0.34936783,0.4867137,0.1962873223365104,0.2061241640685505,0.2365098342133737
A066_2,-0.2666786,-0.483148,-0.2187631,0.1962873223365104,0.2061241640685505,0.2365098342133737
A066_3,-0.3462124,-0.86631346,-1.323239,0.1962873223365104,0.2061241640685505,0.2365098342133737
A066_4,-0.95671576,-0.760719,-0.94659406,0.1962873223365104,0.2061241640685505,0.2365098342133737
A067_1,0.43133983,-0.35323784,0.18231152,0.1962873223365104,0.2061241640685505,0.2365098342133737
A067_2,-1.2040907,-0.94394547,-1.2220749,0.1962873223365104,0.2061241640685505,0.2365098342133737
A067_3,-1.468142,-0.8267787,-1.3802273,0.1962873223365104,0.2061241640685505,0.2365098342133737
A067_4,-1.2924346,-1.2339065,-1.1612169,0.1962873223365104,0.2061241640685505,0.2365098342133737
A068_1,1.1973321,1.0260569,1.1782216,0.1962873223365104,0.2061241640685505,0.2365098342133737
A068_2,-0.06428234,0.42495334,-0.56203043,0.1962873223365104,0.2061241640685505,0.2365098342133737
A068_3,0.9597233,-0.061965823,0.865,0.1962873223365104,0.2061241640685505,0.2365098342133737
A068_4,-0.6880742,-0.30442154,-0.85649955,0.1962873223365104,0.2061241640685505,0.2365098342133737
A069_1,-0.8337596,-0.7663394,-0.5619881,0.1962873223365104,0.2061241640685505,0.2365098342133737
A069_2,-1.1064484,-0.6725282,-1.1514472,0.1962873223365104,0.2061241640685505,0.2365098342133737
A069_3,0.24429336,-1.5109428,-0.36797193,0.1962873223365104,0.2061241640685505,0.2365098342133737
A069_4,-0.91262,-1.3962642,-1.3764908,0.1962873223365104,0.2061241640685505,0.2365098342133737
A070_1,0.56656337,-0.10258464,-0.4836087,0.1962873223365104,0.2061241640685505,0.2365098342133737
A070_2,0.67100656,-0.30106032,0.379365,0.1962873223365104,0.2061241640685505,0.2365098342133737
A070_3,-0.3166986,-0.8559272,-1.0311381,0.1962873223365104,0.2061241640685505,0.2365098342133737
A070_4,-0.90343934,-0.83665365,-0.76778597,0.1962873223365104,0.2061241640685505,0.2365098342133737
A071_1,0.70789874,1.2530835,-0.20029435,0.1962873223365104,0.2061241640685505,0.2365098342133737
A071_2,0.873699,0.3583971,-0.14540964,0.1962873223365104,0.2061241640685505,0.2365098342133737
A071_3,0.14909524,-1.6629909,-0.8588146,0.1962873223365104,0.2061241640685505,0.2365098342133737
A071_4,0.23359789,-0.12990214,0.5588658,0.1962873223365104,0.2061241640685505,0.2365098342133737
A072_1,0.87721634,-0.112263314,0.889561,0.1962873223365104,0.2061241640685505,0.2365098342133737
A072_2,1.1064863,1.1146743,0.5737382,0.1962873223365104,0.2061241640685505,0.2365098342133737
A072_3,-0.6392919,-0.5818319,-1.2315675,0.1962873223365104,0.2061241640685505,0.2365098342133737
A072_4,0.11632397,0.19786991,-0.19525106,0.1962873223365104,0.2061241640685505,0.2365098342133737
A073_1,0.54635656,1.5546312,0.7696608,0.1962873223365104,0.2061241640685505,0.2365098342133737
A073_2,0.29271653,-0.46244034,0.19954424,0.1962873223365104,0.2061241640685505,0.2365098342133737
A073_3,0.8597459,0.36895004,0.96659833,0.1962873223365104,0.2061241640685505,0.2365098342133737
A073_4,1.1421618,0.29205632,1.1789728,0.1962873223365104,0.2061241640685505,0.2365098342133737
A074_1,1.0982429,0.18547921,0.94610184,0.1962873223365104,0.2061241640685505,0.2365098342133737
A074_2,-0.03720683,0.35892135,-0.17883097,0.1962873223365104,0.2061241640685505,0.2365098342133737
A074_3,-1.5277796,-0.61961347,0.50796634,0.1962873223365104,0.2061241640685505,0.2365098342133737
A074_4,-1.2861127,1.3346335,-1.0765446,0.1962873223365104,0.2061241640685505,0.2365098342133737
A075_1,0.6850163,0.6350618,0.35597882,0.1962873223365104,0.2061241640685505,0.2365098342133737
A075_2,0.12656468,1.2109066,0.19050995,0.1962873223365104,0.2061241640685505,0.2365098342133737
A075_3,-0.48466563,-1.8487816,-1.3870107,0.1962873223365104,0.2061241640685505,0.2365098342133737
A075_4,-0.8273441,-0.0404494,-1.1910133,0.1962873223365104,0.2061241640685505,0.2365098342133737
A076_1,0.4877052,0.04747704,-0.055492114,0.1962873223365104,0.2061241640685505,0.2365098342133737
A076_2,-1.0494858,-0.67410386,-1.0282166,0.1962873223365104,0.2061241640685505,0.2365098342133737
A076_3,-1.029358,-1.2256078,-1.1447643,0.1962873223365104,0.2061241640685505,0.2365098342133737
A076_4,-1.714471,-1.1056327,-1.4897717,0.1962873223365104,0.2061241640685505,0.2365098342133737
A077_1,1.1772299,-0.44953594,1.0832057,0.1962873223365104,0.2061241640685505,0.2365098342133737
A077_2,-0.79948527,-0.08587926,0.5481428,0.1962873223365104,0.2061241640685505,0.2365098342133737
A077_3,0.18209952,0.77865267,-0.6028231,0.1962873223365104,0.2061241640685505,0.2365098342133737
A077_4,-0.8510503,0.90057325,-0.024910025,0.1962873223365104,0.2061241640685505,0.2365098342133737
A078_1,-1.0481057,-0.85716176,-0.03935432,0.1962873223365104,0.2061241640685505,0.2365098342133737
A078_2,-0.51313215,0.5926562,0.13163377,0.1962873223365104,0.2061241640685505,0.2365098342133737
A078_3,-0.97640496,-0.6777786,-0.37939614,0.1962873223365104,0.2061241640685505,0.2365098342133737
A078_4,-1.0365397,-0.75193495,-0.82991654,0.1962873223365104,0.2061241640685505,0.2365098342133737
A079_1,-0.6625905,0.7172697,0.571432,0.1962873223365104,0.2061241640685505,0.2365098342133737
A079_2,0.35112518,0.38102,0.25168815,0.1962873223365104,0.2061241640685505,0.2365098342133737
A079_3,-1.1069062,0.5062731,-1.1842302,0.1962873223365104,0.2061241640685505,0.2365098342133737
A079_4,-0.49610496,-0.3939758,-0.72198874,0.1962873223365104,0.2061241640685505,0.2365098342133737
A080_1,0.33154324,-0.33438247,0.1954386,0.1962873223365104,0.2061241640685505,0.2365098342133737
A080_2,0.82862,1.5502274,-0.48048288,0.1962873223365104,0.2061241640685505,0.2365098342133737
A080_3,-0.1077804,0.23595619,0.054171856,0.1962873223365104,0.2061241640685505,0.2365098342133737
A080_4,0.41689837,-1.6039006,-0.5642178,0.1962873223365104,0.2061241640685505,0.2365098342133737
A081_1,0.00010118604,0.45815384,0.4636711,0.1962873223365104,0.2061241640685505,0.2365098342133737
A081_2,-0.7071566,0.5767118,-0.80846375,0.1962873223365104,0.2061241640685505,0.2365098342133737
A081_3,0.545228,0.91994727,1.0431083,0.1962873223365104,0.2061241640685505,0.2365098342133737
A081_4,-0.08591507,0.3316827,-0.007744061,0.1962873223365104,0.2061241640685505,0.2365098342133737
A082_1,-0.4003049,0.07705856,0.4081296,0.1962873223365104,0.2061241640685505,0.2365098342133737
A082_2,0.8779047,1.2108388,1.3566974,0.1962873223365104,0.2061241640685505,0.2365098342133737
A082_3,0.6359619,-0.06594768,0.51109195,0.1962873223365104,0.2061241640685505,0.2365098342133737
A082_4,-0.3586941,-0.003309914,-0.71264565,0.1962873223365104,0.2061241640685505,0.2365098342133737
A083_1,1.3698004,1.1311928,1.9672089,0.1962873223365104,0.2061241640685505,0.2365098342133737
A083_2,0.124128915,0.25453722,0.81551206,0.1962873223365104,0.2061241640685505,0.2365098342133737
A083_3,-0.5477029,-0.093894005,0.33076146,0.1962873223365104,0.2061241640685505,0.2365098342133737
A083_4,-0.37580958,0.7881295,0.42488086,0.1962873223365104,0.2061241640685505,0.2365098342133737
A084_1,0.9561993,0.4756749,0.34656775,0.1962873223365104,0.2061241640685505,0.2365098342133737
A084_2,0.013109359,0.2026438,-0.46278918,0.1962873223365104,0.2061241640685505,0.2365098342133737
A084_3,0.44351754,1.1289612,-0.55949694,0.1962873223365104,0.2061241640685505,0.2365098342133737
A084_4,-0.88956237,0.5236475,-0.5263494,0.1962873223365104,0.2061241640685505,0.2365098342133737
A085_1,0.0077195168,0.1552031,-0.60492045,0.1962873223365104,0.2061241640685505,0.2365098342133737
A085_2,0.49905202,1.4983407,0.8101534,0.1962873223365104,0.2061241640685505,0.2365098342133737
A085_3,0.48035803,0.59526086,-0.8575336,0.1962873223365104,0.2061241640685505,0.2365098342133737
A085_4,-0.238934,-0.18872286,-0.94173086,0.1962873223365104,0.2061241640685505,0.2365098342133737
A086_1,0.6558563,1.3480834,0.3201268,0.1962873223365104,0.2061241640685505,0.2365098342133737
A086_2,-0.6139667,0.10453227,0.5163846,0.1962873223365104,0.2061241640685505,0.2365098342133737
A086_3,-0.9025494,-0.6197766,-0.9413575,0.1962873223365104,0.2061241640685505,0.2365098342133737
A086_4,0.24756022,-1.2639685,-0.9490816,0.1962873223365104,0.2061241640685505,0.2365098342133737
A087_1,0.3166234,0.4606387,-0.16664389,0.1962873223365104,0.2061241640685505,0.2365098342133737
A087_2,1.0431534,1.2393358,0.6195668,0.1962873223365104,0.2061241640685505,0.2365098342133737
A087_3,0.6456617,0.101736434,0.7460708,0.1962873223365104,0.2061241640685505,0.2365098342133737
A087_4,0.8111409,0.25295004,0.29474986,0.1962873223365104,0.2061241640685505,0.2365098342133737
A088_1,1.3131995,0.5301715,1.5047297,0.1962873223365104,0.2061241640685505,0.2365098342133737
A088_2,1.6465031,1.4829968,1.5726674,0.1962873223365104,0.2061241640685505,0.2365098342133737
A088_3,1.5184398,0.56445384,1.2116629,0.1962873223365104,0.2061241640685505,0.2365098342133737
A088_4,2.0324988,0.2656782,1.7613931,0.1962873223365104,0.2061241640685505,0.2365098342133737
A089_1,1.0534189,1.3229843,0.56494594,0.1962873223365104,0.2061241640685505,0.2365098342133737
A089_2,1.2110171,1.8418807,0.57670295,0.1962873223365104,0.2061241640685505,0.2365098342133737
A089_3,-0.28256452,0.4289247,0.2386981,0.1962873223365104,0.2061241640685505,0.2365098342133737
A089_4,-0.5580171,-0.7643541,0.45080766,0.1962873223365104,0.2061241640685505,0.2365098342133737
A090_1,-0.20894425,0.21052608,-0.26355815,0.1962873223365104,0.2061241640685505,0.2365098342133737
A090_2,0.027675819,0.111108646,-0.85531676,0.1962873223365104,0.2061241640685505,0.2365098342133737
A090_3,-1.7316093,-0.923981,-0.3625516,0.1962873223365104,0.2061241640685505,0.2365098342133737
A090_4,-0.28820184,-0.7582084,-0.49008408,0.1962873223365104,0.2061241640685505,0.2365098342133737
A091_1,0.3393673,0.07040492,0.57984126,0.1962873223365104,0.2061241640685505,0.2365098342133737
A091_2,0.5239488,-0.36660793,-0.4956108,0.1962873223365104,0.2061241640685505,0.2365098342133737
A091_3,-1.0404031,-0.43052486,-1.0913205,0.1962873223365104,0.2061241640685505,0.2365098342133737
A091_4,-0.8533299,-1.1137878,-0.5084233,0.1962873223365104,0.2061241640685505,0.2365098342133737
A092_1,-0.16856669,-0.75031006,0.16063099,0.1962873223365104,0.2061241640685505,0.2365098342133737
A092_2,-1.4215541,0.3647664,-1.2741792,0.1962873223365104,0.2061241640685505,0.2365098342133737
A092_3,-1.2575935,-1.6715103,0.120479345,0.1962873223365104,0.2061241640685505,0.2365098342133737
A092_4,-0.93595916,-0.40421754,-1.0033731,0.1962873223365104,0.2061241640685505,0.2365098342133737
A093_1,0.9076474,0.4095768,-0.25305656,0.1962873223365104,0.2061241640685505,0.2365098342133737
A093_2,1.034495,0.5446974,1.1499113,0.1962873223365104,0.2061241640685505,0.2365098342133737
A093_3,-0.40955505,0.9201358,-0.09855731,0.1962873223365104,0.2061241640685505,0.2365098342133737
A093_4,0.45432508,-1.3002123,0.86319566,0.1962873223365104,0.2061241640685505,0.2365098342133737
A094_1,-0.50477767,-0.6886231,-0.8723581,0.1962873223365104,0.2061241640685505,0.2365098342133737
A094_2,0.18280746,-0.59592927,-0.11033577,0.1962873223365104,0.2061241640685505,0.2365098342133737
A094_3,-1.3660945,-0.5772605,-1.204232,0.1962873223365104,0.2061241640685505,0.2365098342133737
A094_4,-1.0502908,-0.15202624,-1.0615593,0.1962873223365104,0.2061241640685505,0.2365098342133737
A095_1,1.4516914,1.7489762,1.4008193,0.1962873223365104,0.2061241640685505,0.2365098342133737
A095_2,0.27010867,-0.08975462,-0.04127826,0.1962873223365104,0.2061241640685505,0.2365098342133737
A095_3,0.15615472,-0.9814954,0.12027418,0.1962873223365104,0.2061241640685505,0.2365098342133737
A095_4,-0.3831034,-0.83802027,0.29968035,0.1962873223365104,0.2061241640685505,0.2365098342133737
A096_1,-0.035375316,0.30585048,-0.9870649,0.1962873223365104,0.2061241640685505,0.2365098342133737
A096_2,-0.36524564,-0.09390502,-0.57167214,0.1962873223365104,0.2061241640685505,0.2365098342133737
A096_3,-1.8691895,-1.4232868,-1.7338066,0.1962873223365104,0.2061241640685505,0.2365098342133737
A096_4,-1.9366536,-0.63723755,-1.8857074,0.1962873223365104,0.2061241640685505,0.2365098342133737
A097_1,0.16170047,0.05084073,0.34418228,0.1962873223365104,0.2061241640685505,0.2365098342133737
A097_2,-0.33125505,0.4006286,-0.8859063,0.1962873223365104,0.2061241640685505,0.2365098342133737
A097_3,0.5222428,-0.13535045,0.74868965,0.1962873223365104,0.2061241640685505,0.2365098342133737
A097_4,0.06591846,-0.97472835,-0.9338368,0.1962873223365104,0.2061241640685505,0.2365098342133737
A098_1,-0.115731314,0.92273605,0.76136076,0.1962873223365104,0.2061241640685505,0.2365098342133737
A098_2,0.3379284,0.3784041,-0.03355606,0.1962873223365104,0.2061241640685505,0.2365098342133737
A098_3,0.88451827,0.35566115,1.1111528,0.1962873223365104,0.2061241640685505,0.2365098342133737
A098_4,-0.7708392,0.13999347,-1.0091684,0.1962873223365104,0.2061241640685505,0.2365098342133737
A099_1,-0.055051994,0.34448373,0.704551,0.1962873223365104,0.2061241640685505,0.2365098342133737
A099_2,0.69390166,0.4557115,0.70550025,0.1962873223365104,0.2061241640685505,0.2365098342133737
A099_3,0.45280594,-0.579716,0.7894194,0.1962873223365104,0.2061241640685505,0.2365098342133737
A099_4,0.5266211,1.6622602,1.1979358,0.1962873223365104,0.2061241640685505,0.2365098342133737
A100_1,0.57920873,-1.1675236,0.4960371,0.1962873223365104,0.2061241640685505,0.2365098342133737
A100_2,1.6019025,1.4396995,1.6154647,0.1962873223365104,0.2061241640685505,0.2365098342133737
A100_3,-0.6404879,1.0671802,0.18737194,0.1962873223365104,0.2061241640685505,0.2365098342133737
A100_4,0.20585074,-1.0579654,0.3911374,0.1962873223365104,0.2061241640685505,0.2365098342133737
A101_1,-0.68739074,-0.7339132,0.44689605,0.1962873223365104,0.2061241640685505,0.2365098342133737
A101_2,-0.8576899,-0.07201809,-0.50965416,0.1962873223365104,0.2061241640685505,0.2365098342133737
A101_3,-1.2362001,-1.1354967,-0.4359814,0.1962873223365104,0.2061241640685505,0.2365098342133737
A101_4,-0.65415436,-0.8799016,-0.5481525,0.1962873223365104,0.2061241640685505,0.2365098342133737
A102_1,-0.7212032,0.87012297,-0.64556795,0.1962873223365104,0.2061241640685505,0.2365098342133737
A102_2,0.753909,1.6128533,1.1701075,0.1962873223365104,0.2061241640685505,0.2365098342133737
A102_3,-1.0468884,-0.063888825,-0.24429756,0.1962873223365104,0.2061241640685505,0.2365098342133737
A102_4,-0.22491981,-1.3671356,0.6889397,0.1962873223365104,0.2061241640685505,0.2365098342133737
A103_1,1.0644679,1.7191428,1.5161003,0.1962873223365104,0.2061241640685505,0.2365098342133737
A103_2,-1.095788,0.036966365,-0.40180504,0.1962873223365104,0.2061241640685505,0.2365098342133737
A103_3,-1.6128502,-0.29822126,-0.86616784,0.1962873223365104,0.2061241640685505,0.2365098342133737
A103_4,-0.07195855,-1.1549125,-0.9358198,0.1962873223365104,0.2061241640685505,0.2365098342133737
A104_1,2.1952074,0.16093552,1.2890347,0.1962873223365104,0.2061241640685505,0.2365098342133737
A104_2,0.42920163,1.0341785,0.59902304,0.1962873223365104,0.2061241640685505,0.2365098342133737
A104_3,-0.43959793,1.1226685,-0.4135195,0.1962873223365104,0.2061241640685505,0.2365098342133737
A104_4,-0.8763166,-1.5214266,-1.1469584,0.1962873223365104,0.2061241640685505,0.2365098342133737
A105_1,0.44473863,0.9818146,0.79853475,0.1962873223365104,0.2061241640685505,0.2365098342133737
A105_2,0.78645724,0.6205603,0.124345265,0.1962873223365104,0.2061241640685505,0.2365098342133737
A105_3,-0.6449184,-0.47881082,-0.97130466,0.1962873223365104,0.2061241640685505,0.2365098342133737
A105_4,-0.025722215,-0.58175623,-0.40869832,0.1962873223365104,0.2061241640685505,0.2365098342133737
A106_1,0.96928626,1.75697,1.2260157,0.1962873223365104,0.2061241640685505,0.2365098342133737
A106_2,0.28924912,-0.51089793,-0.43201688,0.1962873223365104,0.2061241640685505,0.2365098342133737
A106_3,0.18992153,0.36100835,-0.21938318,0.1962873223365104,0.2061241640685505,0.2365098342133737
A106_4,0.8632189,0.3227427,0.57478887,0.1962873223365104,0.2061241640685505,0.2365098342133737
A107_1,-0.6073473,-1.3213788,-0.5693406,0.1962873223365104,0.2061241640685505,0.2365098342133737
A107_2,-1.3971989,-1.5178664,-0.9967513,0.1962873223365104,0.2061241640685505,0.2365098342133737
A107_3,-0.32358083,-0.5515594,-1.1911126,0.1962873223365104,0.2061241640685505,0.2365098342133737
A107_4,-0.6526746,-0.68668693,-0.66778487,0.1962873223365104,0.2061241640685505,0.2365098342133737
A108_1,-1.000375,-0.24534158,-0.5866931,0.1962873223365104,0.2061241640685505,0.2365098342133737
A108_2,-0.10793777,-1.1410556,-0.8319504,0.1962873223365104,0.2061241640685505,0.2365098342133737
A108_3,0.21636847,0.91510236,-0.5968496,0.1962873223365104,0.2061241640685505,0.2365098342133737
A108_4,-1.3989251,-1.0845438,-1.3508645,0.1962873223365104,0.2061241640685505,0.2365098342133737
A109_1,-0.3117028,0.03716664,-0.23544823,0.1962873223365104,0.2061241640685505,0.2365098342133737
A109_2,-1.0503262,-0.63798696,-1.0278164,0.1962873223365104,0.2061241640685505,0.2365098342133737
A109_3,0.14444596,0.36676112,0.26390916,0.1962873223365104,0.2061241640685505,0.2365098342133737
A109_4,-1.5979277,-1.1214261,-1.3818485,0.1962873223365104,0.2061241640685505,0.2365098342133737
