composite_ID,TQ_ICR-D-i1,TQ_ICR-D-i2,TQ_ICR-D-i3,TQ_ICR-D-i4,TQ_ICR-D-i5,TQ_ICR-D-i6,TQ_ICR-U-i1,TQ_ICR-U-i2,TQ_ICR-U-i3,TQ_ICR-U-i4,TQ_ICR-U-i5,TQ_ICR-U-i6,TQ_IFR-D-i1,TQ_IFR-D-i2,TQ_IFR-D-i3,TQ_IFR-D-i4,TQ_IFR-D-i5,TQ_IFR-D-i6,TQ_IFR-U-i1,TQ_IFR-U-i2,TQ_IFR-U-i3,TQ_IFR-U-i4,TQ_IFR-U-i5,TQ_IFR-U-i6,TQ_IRE-D-i1,TQ_IRE-D-i2,TQ_IRE-D-i3,TQ_IRE-D-i4,TQ_IRE-D-i5,TQ_IRE-D-i6,TQ_IRE-U-i1,TQ_IRE-U-i2,TQ_IRE-U-i3,TQ_IRE-U-i4,TQ_IRE-U-i5,TQ_IRE-U-i6
A010_1,1,1,1,1,1,1,1,1,1,1,1,1,1,0,1,0,1,0,1,1,1,1,1,0,1,1,1,1,1,1,1,1,1,1,1,1
A010_2,1,0,1,0,1,1,1,0,1,1,1,0,1,0,0,0,0,0,1,0,0,1,1,0,1,0,1,0,1,1,1,0,1,1,0,0
A010_3,0,0,0,1,0,0,0,1,0,1,0,1,0,0,0,1,0,0,1,0,1,1,0,1,0,0,0,1,0,0,0,1,1,1,0,1
A010_4,0,0,0,0,0,0,0,1,1,1,1,1,0,0,0,0,0,0,0,1,1,0,1,1,0,0,0,0,0,1,1,1,1,0,1,1
A011_1,0,1,1,0,0,1,1,0,0,0,0,1,0,1,1,1,1,0,1,0,1,1,1,1,0,1,1,0,0,1,1,0,1,0,1,1
A011_2,1,0,0,0,1,0,1,1,0,1,0,1,1,0,1,0,1,0,1,1,0,1,0,0,1,0,0,0,1,0,1,1,0,1,0,1
A011_3,1,0,1,1,0,0,0,0,1,0,0,1,1,0,1,1,0,0,0,0,1,0,0,1,1,0,0,1,0,0,0,0,1,0,0,1
A011_4,0,1,0,0,0,0,0,1,0,1,1,0,0,0,0,0,0,0,0,1,1,1,0,0,0,1,0,1,0,0,0,1,1,1,1,1
A012_1,0,0,0,1,0,1,1,1,1,1,0,1,0,0,0,1,0,1,1,1,1,1,1,1,0,0,0,1,0,1,1,1,1,1,1,1
A012_2,0,0,0,0,0,0,1,0,1,1,1,1,0,1,0,1,0,0,1,0,0,1,0,0,0,0,0,0,0,0,0,0,1,0,1,0
A012_3,0,0,0,0,0,1,1,1,1,0,1,1,1,0,0,0,0,1,1,1,1,1,1,1,1,0,0,1,0,0,1,1,1,0,1,1
A012_4,1,0,0,0,0,0,1,0,0,0,0,0,0,0,0,0,0,0,1,1,0,0,1,0,1,0,0,0,0,0,1,0,0,0,0,0
A013_1,0,0,1,1,0,0,0,1,1,1,0,1,0,0,0,1,1,0,0,0,1,1,1,0,0,0,1,1,1,0,0,0,1,1,1,1
A013_2,1,0,0,0,0,0,0,1,0,0,0,1,1,0,0,1,1,1,0,1,1,0,0,1,1,1,0,0,1,0,0,1,0,1,0,1
A013_3,1,0,1,0,0,1,1,0,1,0,1,1,1,0,1,0,0,0,1,0,1,0,1,0,1,0,1,0,0,1,1,0,1,0,1,1
A013_4,1,0,0,0,1,0,0,0,0,1,0,0,0,0,0,0,0,0,0,0,0,1,0,0,1,0,0,1,1,1,0,0,0,1,0,1
A014_1,0,0,1,1,1,1,1,1,1,1,1,0,0,0,1,0,0,1,0,1,0,1,0,0,0,0,0,1,1,0,1,1,1,1,1,0
A014_2,1,0,0,1,0,0,1,1,1,1,1,1,1,1,0,1,0,0,1,1,0,1,1,1,1,0,0,1,0,0,1,1,1,1,1,1
A014_3,0,0,0,0,0,1,1,1,1,0,0,1,0,0,0,0,0,1,1,1,1,0,0,0,0,0,0,0,0,1,1,1,1,0,0,0
A014_4,0,0,0,0,0,0,0,1,0,1,0,0,0,1,0,0,0,0,1,1,0,1,0,0,1,1,1,0,0,0,0,1,0,1,0,0
A015_1,1,0,1,1,0,1,1,1,1,0,1,1,1,0,0,1,0,1,1,1,1,0,0,1,1,0,1,1,0,1,1,1,1,1,1,1
A015_2,1,1,1,1,1,1,1,1,1,1,1,1,0,0,1,0,1,0,1,1,1,1,1,0,0,1,1,0,0,0,1,1,1,1,1,1
A015_3,1,0,1,1,0,0,1,1,1,1,1,1,1,0,1,0,0,0,1,1,1,1,1,1,1,0,1,0,0,0,1,1,1,0,1,1
A015_4,0,1,1,1,0,0,0,1,1,1,1,1,0,1,0,1,0,0,0,1,0,1,0,1,0,1,0,1,0,0,0,1,0,1,1,1
A016_1,0,0,0,0,1,1,1,1,1,1,1,1,0,0,1,0,1,1,1,1,1,1,1,1,0,0,1,0,1,1,1,1,1,1,1,1
A016_2,1,0,1,0,0,1,1,1,1,1,1,1,1,0,1,0,1,0,1,0,1,1,1,0,0,0,1,0,1,1,1,1,1,1,1,1
A016_3,0,0,0,0,0,0,1,1,0,0,1,1,0,0,1,0,0,0,1,0,0,0,0,1,1,0,0,1,0,0,1,0,0,1,1,1
A016_4,0,0,0,0,0,0,0,0,0,0,0,1,0,1,0,0,0,0,0,0,0,0,1,0,0,1,0,0,0,0,0,1,0,0,1,1
A017_1,1,0,0,0,0,1,1,1,0,1,0,0,0,0,0,1,0,0,1,1,0,0,0,1,0,0,1,0,0,0,0,1,1,1,0,1
A017_2,0,1,0,0,0,1,1,1,0,1,1,1,1,0,0,0,0,0,1,0,1,1,1,1,0,1,0,0,0,1,1,1,1,1,1,0
A017_3,0,0,1,0,1,0,1,1,0,0,1,1,1,0,0,0,1,0,0,1,0,0,1,0,0,0,1,0,1,0,0,1,1,0,1,1
A017_4,0,0,0,1,0,0,1,1,1,1,1,1,0,0,0,0,0,0,0,1,1,0,1,1,1,0,0,1,0,0,1,1,1,1,1,1
A018_1,0,1,1,0,1,1,1,1,1,0,1,0,0,0,1,0,0,0,1,1,1,0,0,0,0,1,1,0,1,1,1,1,1,1,1,0
A018_2,1,0,0,0,0,1,0,1,0,0,1,1,0,0,0,1,0,0,1,1,1,0,1,1,1,0,1,0,0,1,0,1,1,0,1,1
A018_3,0,0,0,0,0,0,0,1,1,1,1,0,0,0,0,0,0,0,0,0,0,1,1,0,0,0,1,0,1,0,0,1,1,0,0,1
A018_4,1,0,0,0,0,0,1,1,1,0,1,0,0,0,0,0,1,0,0,0,1,0,1,1,1,0,0,0,0,0,1,1,1,0,1,0
A019_1,0,0,0,1,0,0,0,1,0,1,0,1,0,0,0,1,0,0,0,1,0,1,0,1,0,0,0,1,0,0,0,1,0,1,1,0
A019_2,0,0,0,0,0,1,0,1,0,0,0,0,1,0,1,0,1,0,0,0,0,0,0,1,0,0,1,0,0,0,1,1,1,0,0,0
A019_3,0,0,0,0,0,1,0,1,0,1,0,0,0,0,0,0,0,1,0,0,0,1,1,0,0,0,0,0,0,0,1,1,0,1,1,1
A019_4,1,1,0,1,0,0,0,0,0,0,1,0,1,0,0,1,0,0,1,0,0,0,0,0,0,0,0,0,0,0,0,0,0,0,1,0
A020_1,0,0,0,0,0,0,1,0,1,1,1,0,1,0,0,0,0,0,1,0,1,0,1,0,0,0,0,0,0,1,1,1,1,0,1,0
A020_2,0,0,0,0,0,0,1,1,0,1,1,0,1,0,0,0,1,0,1,0,0,0,0,0,1,0,1,0,0,1,1,1,1,1,1,1
A020_3,1,0,0,0,0,0,1,1,0,0,0,0,0,1,0,1,1,0,1,0,0,1,0,1,1,0,0,0,1,0,1,1,0,1,0,1
A020_4,0,0,0,0,0,0,0,0,0,0,0,0,0,0,0,0,1,0,0,1,0,1,0,0,0,0,0,0,1,0,0,1,0,0,0,0
A021_1,0,0,1,0,0,1,1,1,1,1,1,0,0,0,1,0,0,0,1,1,1,1,1,1,0,0,1,0,0,0,1,1,1,1,1,1
A021_2,0,0,1,1,0,1,1,1,1,1,0,0,1,0,0,0,0,1,1,1,1,1,0,1,0,0,0,0,0,1,0,1,1,1,0,0
A021_3,0,1,0,0,0,0,1,1,1,1,0,1,0,1,0,0,0,0,1,1,0,1,1,1,0,1,0,0,0,0,1,1,1,0,0,1
A021_4,0,0,0,1,0,0,1,1,1,0,1,1,0,0,0,0,0,0,1,0,1,0,1,1,0,0,0,0,0,0,1,1,1,0,1,1
A022_1,0,0,0,0,1,0,0,1,1,1,1,1,0,1,1,1,0,0,0,0,1,1,0,1,0,0,0,0,0,0,0,1,1,1,1,1
A022_2,1,0,0,0,0,0,1,1,1,1,1,1,0,0,0,0,0,0,0,1,0,1,1,0,0,0,0,1,1,0,1,1,1,1,1,1
A022_3,0,1,1,0,0,0,1,0,1,1,1,0,0,0,1,0,0,0,1,0,1,0,1,0,0,0,1,0,0,0,1,0,1,1,1,0
A022_4,0,0,1,0,0,0,1,0,1,1,1,1,1,0,1,1,1,0,0,1,1,0,0,1,1,0,0,1,0,0,1,1,1,1,1,1
A023_1,1,0,0,1,1,0,1,1,0,1,1,1,0,0,1,1,0,0,1,1,0,0,1,1,1,1,1,1,0,0,1,1,0,1,1,1
A023_2,1,0,0,0,0,0,1,1,1,1,1,0,0,0,1,1,1,0,1,0,0,0,0,1,1,0,0,0,0,1,0,1,1,1,1,1
A023_3,0,0,1,0,0,0,1,1,1,1,1,0,1,0,0,0,1,0,0,0,1,0,1,0,0,0,0,0,1,0,1,1,1,1,1,0
A023_4,0,1,1,0,0,0,1,1,1,0,0,0,0,1,1,0,0,0,1,0,1,0,0,0,1,1,1,0,1,1,1,0,1,0,0,0
A024_1,0,0,0,0,1,0,1,0,1,1,0,1,1,0,0,1,0,1,1,1,1,0,1,1,0,0,0,0,1,0,1,1,1,1,0,1
A024_2,1,0,1,0,0,0,1,1,1,1,1,1,0,0,0,1,0,0,0,1,0,1,0,1,0,0,0,1,0,0,1,1,1,0,1,1
A024_3,0,0,1,0,0,0,1,0,1,1,0,0,0,1,0,0,1,0,1,0,1,1,0,1,0,0,1,1,1,0,1,0,1,1,0,0
A024_4,0,1,0,0,0,0,0,1,0,0,0,0,0,0,0,0,0,1,0,1,0,0,1,0,0,1,0,0,0,0,0,1,0,0,0,0
A025_1,1,0,0,1,0,0,1,1,1,0,1,1,1,0,1,0,0,0,1,1,1,1,0,1,1,1,1,1,0,0,1,1,1,0,1,1
A025_2,0,1,1,0,1,1,1,1,1,1,1,1,0,1,1,0,0,0,1,1,1,1,1,0,0,1,1,0,0,1,1,1,1,1,1,0
A025_3,0,0,1,1,0,0,0,1,1,1,0,1,0,1,1,1,0,1,0,1,1,1,0,0,0,0,0,1,0,0,1,1,1,1,1,1
A025_4,0,0,0,0,1,0,1,0,1,1,0,0,0,0,0,0,0,0,0,0,1,0,0,0,0,0,1,0,1,0,1,1,0,1,1,0
A026_1,1,0,1,0,1,0,1,1,1,0,1,1,1,0,1,0,0,0,0,1,1,0,1,0,1,0,1,0,1,1,1,1,1,0,1,1
A026_2,0,1,1,0,0,1,0,0,1,1,1,0,0,1,1,0,0,0,0,0,1,1,1,0,0,1,1,0,0,0,0,0,1,1,1,0
A026_3,1,0,1,1,0,0,1,1,0,1,1,1,1,1,1,1,0,0,0,1,0,1,1,1,1,0,1,1,1,0,1,1,1,1,1,1
A026_4,1,1,0,0,0,0,0,1,1,1,0,0,1,1,0,1,1,1,1,1,1,0,0,0,0,1,0,0,0,0,0,1,1,1,0,0
A027_1,1,0,1,1,0,0,1,1,1,1,1,1,0,1,0,1,1,1,0,0,0,1,1,1,0,1,1,1,1,0,1,1,0,1,1,1
A027_2,0,1,1,0,0,1,1,0,1,0,1,1,1,0,1,0,1,0,1,0,1,0,0,1,0,1,1,0,0,1,1,1,1,0,1,1
A027_3,0,1,0,0,0,0,0,1,0,1,0,1,1,1,0,0,0,0,0,1,0,0,0,0,0,1,0,0,1,0,1,1,0,0,1,1
A027_4,1,0,0,0,1,1,0,1,0,1,1,0,0,0,0,0,0,0,1,0,1,0,0,0,1,0,0,1,0,1,0,1,1,1,0,0
A028_1,1,1,1,1,0,1,1,1,1,1,1,1,0,1,1,0,1,0,1,0,1,0,1,0,0,1,1,0,1,1,1,0,1,0,1,1
A028_2,1,0,0,1,0,1,0,1,0,0,0,1,1,0,0,0,0,1,0,1,1,0,0,1,1,0,0,0,0,1,1,1,0,0,1,1
A028_3,1,0,1,0,1,0,0,1,1,0,1,1,0,0,0,1,0,0,0,1,1,0,1,1,0,0,1,0,0,1,1,0,1,0,1,1
A028_4,1,0,1,1,0,0,0,1,0,0,0,0,1,0,1,1,0,1,0,0,1,0,0,0,1,0,0,1,0,0,0,0,0,0,0,1
A029_1,1,1,1,0,0,1,1,1,1,1,1,1,1,1,1,0,0,1,1,1,1,1,1,1,1,1,1,0,0,1,1,1,1,1,1,1
A029_2,1,0,0,1,1,1,1,1,0,1,1,1,1,0,0,0,0,1,1,1,0,0,0,1,1,0,0,1,1,1,0,1,0,1,1,1
A029_3,0,1,1,1,0,0,1,1,1,1,1,1,0,0,1,1,0,0,0,1,1,1,1,1,0,1,1,1,0,0,1,1,1,1,1,1
A029_4,0,1,0,0,1,1,1,0,1,1,0,0,0,1,0,0,1,0,1,0,1,1,1,0,1,1,0,0,1,1,1,0,1,1,0,0
A030_1,1,0,0,0,0,0,1,0,1,1,1,1,1,0,0,0,0,0,1,1,0,1,1,0,0,0,0,0,1,0,1,1,1,1,1,1
A030_2,0,0,1,0,1,1,1,1,1,1,1,1,0,0,1,1,0,1,1,1,1,1,0,1,0,0,1,0,1,1,1,1,1,1,0,1
A030_3,0,1,0,0,1,1,1,0,1,1,1,0,0,0,0,0,0,0,1,0,1,0,1,0,0,1,1,0,1,0,1,1,1,1,0,1
A030_4,0,0,1,0,0,0,1,1,1,1,1,1,0,1,0,0,0,0,0,1,1,1,1,1,1,0,1,1,0,0,1,1,1,1,1,1
A031_1,0,1,0,1,1,1,1,1,0,1,1,1,0,1,0,1,1,0,1,1,0,1,1,1,0,1,1,1,1,1,1,1,1,1,1,1
A031_2,1,0,0,1,0,0,1,1,1,1,0,1,1,0,0,1,1,0,0,1,0,1,0,0,1,0,0,1,0,0,1,1,1,1,0,1
A031_3,1,0,0,0,0,1,1,1,0,1,0,1,0,0,0,0,0,0,1,1,0,1,0,0,1,0,0,0,0,0,1,1,0,1,0,1
A031_4,0,0,1,0,0,0,0,0,0,1,0,0,0,0,0,0,0,1,0,0,0,1,1,1,0,0,0,1,0,0,1,0,1,1,0,0
A032_1,0,0,0,1,0,0,1,1,1,0,1,1,0,0,0,1,0,0,1,1,0,1,1,1,0,0,0,1,0,0,1,1,1,1,1,1
A032_2,0,0,1,0,0,0,0,1,1,1,0,1,0,0,1,0,0,0,0,1,0,1,0,0,0,0,1,0,0,0,0,1,1,1,0,0
A032_3,0,0,0,0,0,1,1,0,1,1,0,1,1,0,1,0,0,1,1,0,1,1,0,1,1,0,1,0,0,1,1,0,1,1,0,1
A032_4,1,1,1,0,0,1,1,1,1,0,1,1,0,1,1,0,0,0,1,1,1,0,1,1,1,0,1,0,0,1,1,1,1,0,1,1
A033_1,0,0,0,1,0,0,0,1,0,1,1,1,1,0,0,0,1,0,1,1,0,0,1,0,0,0,0,1,0,0,0,1,1,1,1,0
A033_2,1,0,1,0,0,0,0,1,1,1,1,1,1,0,1,0,1,1,0,1,1,1,0,0,1,0,0,0,0,0,0,1,1,1,1,1
A033_3,0,1,0,0,0,0,1,1,1,1,1,1,0,1,0,0,1,0,1,1,1,0,0,0,0,1,0,0,1,0,1,1,1,1,1,1
A033_4,0,0,0,0,0,0,0,1,0,1,0,1,0,0,0,0,0,0,0,1,0,1,0,1,0,0,0,0,0,0,1,1,1,1,0,1
A034_1,1,0,1,1,0,1,1,1,1,1,1,1,1,0,1,1,0,1,1,1,0,1,1,1,1,0,1,1,1,1,1,1,1,1,1,1
A034_2,0,1,0,0,1,1,1,1,1,1,1,1,0,1,0,0,1,0,1,1,1,1,1,0,0,1,0,0,1,1,1,1,1,1,1,0
A034_3,0,0,0,1,0,0,0,1,1,1,1,1,1,0,0,1,0,0,0,1,0,1,1,1,0,0,0,1,0,0,0,1,1,1,1,1
A034_4,0,0,0,0,0,0,1,1,1,1,0,1,0,0,1,0,0,0,0,1,0,1,0,0,0,0,0,0,0,0,1,1,1,1,1,1
A035_1,0,0,0,0,0,1,0,1,0,1,1,0,1,0,0,0,1,1,0,1,0,0,0,0,0,0,0,0,0,1,0,1,0,1,1,0
A035_2,1,1,0,0,0,0,1,1,1,1,1,0,1,1,0,0,0,0,1,0,1,0,1,0,1,1,1,0,0,0,1,1,1,1,1,0
A035_3,0,0,1,0,0,0,0,1,1,0,0,0,0,0,1,0,0,1,0,1,0,0,0,0,0,0,1,1,1,0,0,1,1,0,1,0
A035_4,0,0,1,0,0,0,0,0,1,0,0,1,0,0,0,0,0,0,1,0,0,1,0,1,0,0,0,0,0,0,0,1,0,0,0,1
A036_1,1,0,1,1,0,1,1,1,1,1,0,1,1,0,1,0,1,1,1,0,0,1,0,0,1,0,1,1,0,1,1,1,1,1,1,1
A036_2,0,0,0,0,0,0,0,1,1,0,1,1,0,0,1,0,0,0,1,1,0,0,0,1,0,0,0,0,0,0,0,1,1,0,1,1
A036_3,0,1,0,0,0,0,1,0,1,0,0,1,1,0,0,0,0,0,0,0,1,1,0,0,0,1,1,0,0,0,1,1,1,0,0,0
A036_4,0,0,0,0,0,0,0,1,0,1,0,0,0,0,0,0,0,1,0,0,0,1,0,0,1,1,0,0,0,0,0,1,0,0,1,0
A037_1,1,1,0,0,0,0,1,1,1,0,1,1,1,1,0,0,0,0,1,1,1,0,0,1,1,1,0,1,0,0,1,1,1,0,1,1
A037_2,1,0,0,0,1,1,1,1,1,1,1,1,1,0,0,0,0,0,1,1,1,1,0,0,1,0,0,0,1,1,1,1,0,1,1,1
A037_3,0,0,1,1,1,0,0,1,1,0,1,0,1,0,1,1,1,0,0,1,1,0,1,1,0,0,1,1,1,0,0,1,1,0,1,0
A037_4,0,1,0,0,0,0,1,1,1,1,0,0,0,1,0,0,0,0,1,0,0,1,0,0,0,1,0,0,0,0,1,1,0,1,0,0
A038_1,0,1,0,0,1,1,1,1,1,1,1,0,0,0,0,0,1,0,1,0,1,0,1,0,1,1,0,0,0,1,1,1,1,1,1,0
A038_2,1,0,0,1,0,0,0,1,0,1,1,0,0,1,1,1,0,0,0,1,0,1,1,1,1,1,0,1,0,0,0,1,0,1,1,0
A038_3,1,0,0,0,0,1,1,1,1,0,1,1,1,0,0,1,0,1,1,1,1,1,1,1,1,0,0,1,0,1,1,1,1,1,1,1
A038_4,0,0,1,0,0,0,1,1,0,1,0,1,0,0,1,0,0,0,1,1,0,1,0,0,1,0,1,0,0,0,1,1,0,1,0,1
A039_1,1,0,1,1,1,1,1,1,1,1,1,1,1,0,1,1,1,1,1,1,1,1,1,1,1,0,0,1,1,1,1,1,1,1,1,1
A039_2,1,1,1,1,0,0,1,1,0,1,1,1,1,1,1,1,1,0,1,1,1,1,0,0,1,1,1,1,1,1,0,1,0,1,1,1
A039_3,0,0,0,0,1,1,1,1,1,1,1,0,0,0,1,1,1,0,1,1,0,1,1,0,0,0,0,0,1,1,1,1,1,1,1,0
A039_4,0,0,1,0,1,1,0,1,1,1,1,1,0,0,0,0,1,0,1,0,1,1,1,1,0,0,1,0,1,1,0,1,1,1,1,1
A040_1,0,0,1,1,0,0,0,0,0,1,1,1,0,0,0,1,0,0,0,0,1,1,1,0,0,0,0,1,0,0,0,0,0,1,1,1
A040_2,0,1,1,0,0,1,0,1,0,1,0,1,0,0,1,0,0,1,0,1,0,1,1,1,0,1,0,0,0,1,1,1,0,1,0,1
A040_3,0,0,0,0,0,0,0,1,0,0,0,0,0,0,0,1,0,1,0,0,0,0,0,0,0,0,1,0,0,0,0,1,0,1,0,0
A040_4,1,0,0,0,0,0,0,0,0,0,0,0,0,1,0,1,0,0,1,0,1,1,0,0,1,0,0,0,0,0,1,0,1,0,0,0
A041_1,1,1,1,0,0,0,1,1,1,0,1,1,0,1,1,0,0,0,1,0,1,0,1,1,1,0,1,0,0,0,1,1,1,0,1,1
A041_2,0,0,0,0,1,0,0,1,0,1,0,0,0,0,0,0,0,0,0,0,0,1,0,0,0,0,0,0,1,0,0,1,0,1,1,0
A041_3,1,0,1,1,0,1,0,0,1,1,0,1,0,0,1,1,1,1,0,0,1,1,0,1,1,1,1,1,1,0,1,0,1,1,1,0
A041_4,0,0,0,0,0,0,1,1,1,0,1,1,0,0,0,0,0,0,0,1,1,1,1,1,0,0,0,0,0,1,1,1,1,0,1,1
A042_1,0,0,1,0,0,0,1,0,1,0,0,1,0,0,0,0,0,0,0,0,0,0,1,0,0,0,0,0,0,0,1,1,0,0,0,1
A042_2,1,0,0,1,1,0,0,1,1,0,0,0,0,0,0,0,1,0,0,0,1,0,0,1,0,0,0,0,1,0,0,0,0,0,0,0
A042_3,0,0,0,0,0,1,0,1,0,1,0,0,0,1,1,0,0,0,0,0,0,1,0,1,0,1,0,0,1,0,0,1,0,1,1,1
A042_4,1,0,0,0,0,0,0,0,0,0,0,0,0,0,1,1,0,0,0,1,0,0,1,0,1,0,1,0,0,0,0,1,0,0,0,0
A043_1,1,0,1,1,0,0,1,1,0,1,1,1,1,0,1,1,1,0,1,1,0,1,1,0,1,0,1,1,1,0,1,1,0,1,1,1
A043_2,1,0,0,0,0,1,1,1,1,1,0,1,0,0,0,0,0,1,0,1,1,1,0,1,1,0,0,0,0,1,1,1,1,1,0,1
A043_3,1,1,0,1,1,0,0,1,1,1,0,1,1,1,0,1,1,0,0,1,0,1,0,1,1,1,0,1,1,0,0,1,1,1,0,1
A043_4,0,0,0,0,1,0,1,0,1,0,0,1,0,0,0,0,1,1,1,1,1,0,0,0,0,0,0,0,1,0,1,0,1,0,0,1
A044_1,1,0,1,0,0,1,1,1,0,0,0,0,1,0,1,1,1,1,0,0,0,0,0,0,1,0,1,0,0,1,1,1,0,1,0,0
A044_2,0,1,0,0,0,0,1,0,1,0,0,0,0,1,0,0,0,0,1,0,1,0,1,0,1,1,0,0,1,1,1,0,1,0,0,0
A044_3,0,0,0,0,0,0,0,0,0,0,0,0,1,0,0,0,0,0,0,0,0,0,1,1,0,0,0,0,0,0,0,0,1,1,0,0
A044_4,0,0,0,0,0,0,0,0,0,1,0,0,0,1,0,0,0,0,0,0,1,1,1,0,0,0,0,0,0,0,1,1,0,0,0,0
A045_1,0,0,1,1,0,0,1,0,1,1,0,1,0,0,1,1,0,0,0,0,1,1,0,0,0,1,1,1,1,0,0,1,0,1,0,1
A045_2,0,1,0,0,0,0,1,0,0,0,0,0,0,1,0,0,1,0,1,1,1,0,0,0,0,1,0,0,0,0,1,1,0,0,0,0
A045_3,0,0,0,1,0,0,1,1,0,0,0,0,0,0,0,1,0,1,1,0,0,1,0,0,0,0,0,0,0,0,1,0,0,0,1,1
A045_4,1,0,1,0,0,0,0,1,1,0,0,0,1,1,0,0,0,0,0,0,0,0,0,1,0,0,0,0,0,0,1,1,1,0,1,0
A046_1,0,0,0,0,0,0,0,0,0,1,0,1,0,0,0,1,1,0,0,0,0,1,0,1,0,0,0,0,0,0,1,1,0,1,1,1
A046_2,0,0,0,0,0,0,0,1,0,0,0,0,0,0,1,0,0,0,0,1,0,0,0,1,0,0,0,0,0,0,0,1,0,0,0,0
A046_3,1,0,0,0,0,0,0,0,0,0,0,0,0,0,1,1,1,0,0,0,1,0,0,1,0,0,0,0,0,0,0,0,0,0,0,1
A046_4,0,1,0,0,0,0,0,0,0,1,1,1,1,0,0,0,0,1,1,0,1,0,1,0,0,0,0,0,0,0,0,0,1,0,0,0
A047_1,1,0,0,1,0,0,1,1,0,0,0,1,1,0,0,0,0,0,0,1,1,0,0,0,1,0,0,0,0,0,1,1,0,0,1,1
A047_2,0,0,0,0,0,0,1,0,1,0,1,0,0,1,0,0,1,1,1,0,1,0,0,0,0,1,0,0,0,1,1,0,0,0,1,0
A047_3,0,1,1,1,0,0,0,0,0,1,0,0,0,0,1,1,0,0,0,0,1,1,1,0,0,0,0,1,1,0,0,0,0,1,0,0
A047_4,0,1,0,0,0,1,0,0,0,0,0,0,0,0,1,0,1,0,0,0,1,0,0,0,0,1,1,0,1,0,0,0,0,1,0,0
A048_1,0,1,1,0,1,1,1,1,1,1,1,0,0,1,1,0,1,0,1,0,1,0,1,0,0,1,1,0,0,1,1,1,1,0,1,1
A048_2,0,0,1,0,0,0,0,1,1,1,1,1,0,0,0,0,0,0,0,1,0,1,0,0,0,0,1,0,1,0,1,1,1,1,1,1
A048_3,0,0,1,0,1,0,0,1,1,0,0,0,0,0,1,0,1,1,1,1,1,1,0,0,1,0,1,0,1,0,1,1,1,1,1,0
A048_4,0,1,0,1,0,0,1,1,0,1,1,0,0,1,0,1,0,0,0,1,0,0,1,0,1,1,0,1,0,1,0,1,0,1,1,0
A049_1,1,1,1,1,0,0,1,1,1,1,1,1,1,1,1,1,0,0,1,1,1,1,1,1,1,1,1,1,0,0,1,1,1,1,1,1
A049_2,0,0,1,0,0,0,0,1,0,1,0,0,0,0,1,0,0,0,1,0,0,1,0,0,0,0,1,0,0,0,0,1,0,0,0,1
A049_3,0,0,0,0,0,1,1,1,1,1,1,0,0,0,0,0,0,1,1,1,1,1,0,0,0,0,0,0,1,1,1,1,1,1,1,0
A049_4,0,1,1,0,1,1,1,0,1,0,0,0,1,1,1,0,1,0,1,0,1,1,0,1,0,1,0,0,1,1,1,0,1,1,0,1
A050_1,0,1,0,0,0,0,0,1,0,1,1,1,0,0,0,0,0,0,0,1,0,0,1,0,1,0,0,0,0,0,1,1,0,1,1,1
A050_2,1,0,1,0,0,0,0,0,1,0,0,1,1,0,1,0,0,0,0,0,0,1,1,1,1,0,0,0,0,1,0,1,1,0,0,1
A050_3,0,1,0,0,0,0,0,1,0,0,0,0,0,0,0,0,0,0,1,1,0,0,0,1,0,1,0,0,0,1,0,1,1,0,0,0
A050_4,0,0,0,0,1,1,1,0,1,0,1,0,0,1,0,1,1,0,0,0,0,0,0,1,0,1,0,0,1,1,1,0,0,0,1,0
A051_1,1,1,1,0,0,1,1,1,1,1,1,1,0,1,1,0,1,0,0,0,1,1,1,0,1,1,1,0,1,1,1,1,1,1,1,1
A051_2,1,1,1,0,0,0,0,0,1,0,1,1,1,1,0,1,0,0,0,0,0,1,1,1,1,1,1,0,0,0,0,0,1,0,1,1
A051_3,0,0,1,0,0,0,0,1,0,1,0,1,1,1,1,1,1,0,1,1,0,0,0,0,0,1,1,1,0,0,0,1,0,1,0,1
A051_4,1,0,1,0,1,0,0,1,1,0,0,1,1,0,0,1,1,0,0,1,1,1,0,1,1,0,1,0,0,0,1,1,1,0,0,1
A052_1,1,0,0,0,0,0,1,1,1,1,1,1,1,0,0,0,1,0,0,1,1,0,0,1,1,0,0,0,0,0,1,1,1,0,1,1
A052_2,0,0,0,0,1,1,0,1,0,1,1,1,0,0,1,1,1,1,0,1,1,1,1,1,0,0,0,1,1,1,0,1,0,1,0,1
A052_3,1,0,1,0,0,0,1,0,0,1,1,1,0,1,0,0,0,0,0,0,0,1,1,1,0,0,1,0,0,0,1,1,1,1,1,1
A052_4,0,0,0,0,1,0,1,0,0,0,0,0,1,1,1,0,1,0,0,0,1,1,0,1,0,1,1,0,0,0,1,0,1,0,0,0
A053_1,0,1,0,0,1,1,1,1,1,1,1,0,0,1,0,0,0,0,1,1,1,1,1,0,0,1,1,0,1,0,1,1,1,1,1,0
A053_2,1,0,1,0,1,0,1,1,1,1,1,1,1,0,0,1,1,1,1,0,0,1,1,0,1,0,1,0,0,0,1,1,1,1,1,0
A053_3,1,0,1,0,0,0,1,0,1,1,0,0,0,0,0,0,0,0,1,0,1,1,0,0,1,0,1,0,1,0,0,0,0,1,0,0
A053_4,0,1,0,0,0,0,0,0,0,0,1,1,1,1,0,1,0,0,0,0,0,0,1,1,1,1,1,0,0,0,0,0,0,0,1,1
A054_1,0,0,1,1,0,1,1,1,1,1,0,1,0,0,0,1,0,1,0,0,0,1,0,1,0,0,0,1,0,1,1,1,1,1,0,1
A054_2,0,1,0,0,0,0,1,1,1,1,1,1,0,1,1,1,0,0,1,1,1,1,0,1,0,1,0,0,0,0,1,1,1,1,1,0
A054_3,1,0,0,0,0,0,1,1,1,1,1,1,0,0,0,0,1,0,0,1,1,1,1,1,0,0,1,0,0,0,1,1,1,1,1,1
A054_4,1,1,0,0,0,0,1,1,1,1,1,0,1,1,0,0,0,0,1,1,1,1,1,0,1,1,0,0,0,1,1,1,1,1,1,1
A055_1,1,0,0,1,0,0,0,1,1,1,1,1,0,0,0,1,1,1,0,0,0,1,1,0,1,0,0,1,0,0,0,1,0,1,1,1
A055_2,1,1,0,0,0,0,1,1,1,0,1,1,0,0,1,0,0,1,0,1,1,1,0,1,1,0,1,1,0,1,1,1,1,1,1,1
A055_3,0,1,1,1,1,1,0,0,1,1,0,0,0,1,0,1,0,1,0,0,0,1,0,0,0,0,0,0,0,1,0,0,1,1,0,0
A055_4,0,1,0,0,1,0,0,0,0,0,0,0,0,0,0,0,1,0,1,0,0,1,0,0,0,0,0,0,1,1,0,0,0,0,0,0
A056_1,0,1,1,0,0,0,1,0,1,1,1,1,0,1,1,0,1,0,1,0,1,1,1,0,0,1,1,0,1,0,1,0,1,1,1,1
A056_2,0,0,0,0,0,0,0,0,1,1,1,1,0,0,0,1,0,0,1,0,0,1,1,1,0,0,1,0,0,0,0,0,1,1,1,1
A056_3,1,0,0,0,0,0,1,1,1,0,1,0,1,0,0,0,0,1,0,1,0,0,0,0,1,0,0,0,0,0,1,1,1,0,1,1
A056_4,1,0,0,0,0,0,0,0,0,1,0,1,0,0,0,0,1,0,0,0,0,1,0,0,0,0,0,1,1,0,0,0,0,1,0,1
A057_1,0,0,0,1,0,0,0,1,1,1,1,1,0,0,0,0,0,0,0,1,1,1,0,1,0,0,0,1,0,0,0,1,1,1,1,1
A057_2,1,0,0,0,0,0,0,0,0,0,0,1,1,0,0,1,1,0,0,0,0,0,0,1,0,0,1,0,0,0,1,0,0,0,0,1
A057_3,0,0,0,0,0,0,0,0,1,0,0,1,0,0,0,0,1,1,0,0,1,0,0,0,0,0,0,0,1,0,1,0,1,0,1,0
A057_4,0,0,0,0,0,1,0,0,0,1,0,0,0,1,1,0,0,0,0,0,0,1,1,0,0,1,0,0,0,0,0,0,0,0,0,0
A058_1,0,1,1,0,0,1,1,1,1,1,1,1,0,1,1,0,0,1,1,0,1,0,1,0,1,1,1,0,1,1,1,1,1,1,1,0
A058_2,0,0,0,0,1,0,0,1,1,0,0,0,0,0,1,0,1,0,0,1,0,0,0,0,0,0,0,0,1,0,0,1,1,0,1,0
A058_3,0,1,0,0,0,1,0,1,1,1,1,1,1,1,0,1,0,1,1,1,0,0,1,1,1,1,0,1,0,1,0,1,0,0,1,1
A058_4,1,0,0,0,0,0,0,1,0,0,1,1,1,0,0,1,0,0,0,0,1,0,0,0,1,0,0,0,0,0,0,1,1,0,0,1
A059_1,1,0,1,0,1,1,1,1,1,1,1,1,1,0,0,1,1,1,1,1,0,1,0,1,1,0,1,0,1,1,1,1,1,1,0,1
A059_2,1,1,0,1,0,0,1,1,0,1,1,1,1,0,0,1,1,0,1,0,0,1,1,1,1,1,1,0,0,0,1,1,1,1,1,1
A059_3,1,1,1,0,1,1,1,1,1,1,1,0,0,1,1,0,1,0,1,1,1,0,0,0,1,1,1,0,1,1,1,1,1,0,1,1
A059_4,0,0,0,0,0,0,1,1,1,1,1,0,0,0,0,1,0,0,1,1,1,1,1,0,0,0,0,1,0,0,1,1,1,1,1,1
A060_1,1,0,0,1,0,0,0,1,0,1,0,0,0,0,1,0,1,0,0,0,0,0,1,0,0,0,1,1,0,0,1,1,1,1,0,0
A060_2,1,0,0,0,0,1,1,1,1,1,1,1,1,1,0,1,0,1,1,1,0,1,0,1,1,1,0,1,0,0,0,1,1,1,1,1
A060_3,1,0,0,0,0,0,0,1,1,1,1,0,1,0,0,0,0,0,0,0,1,1,0,0,1,0,1,0,1,1,0,1,1,1,0,0
A060_4,0,1,0,0,0,0,1,1,1,0,1,0,0,0,0,1,0,0,1,1,1,0,1,0,0,1,0,0,0,0,1,0,1,1,1,0
A061_1,0,1,1,1,1,1,1,1,1,1,1,1,0,1,1,0,1,0,1,0,1,1,1,1,0,1,1,1,1,1,1,1,1,1,1,1
A061_2,1,1,0,1,0,1,1,1,1,1,1,0,1,1,0,0,0,1,0,1,0,0,0,1,1,1,0,1,0,1,1,1,0,1,1,1
A061_3,0,0,1,0,1,1,0,1,1,0,1,1,0,0,1,0,1,1,0,1,1,0,1,1,1,0,1,0,1,1,1,1,1,0,1,0
A061_4,0,0,1,1,0,1,0,1,0,1,0,0,0,1,1,1,1,1,1,1,0,1,0,0,0,0,1,1,1,0,1,1,0,1,0,0
A062_1,1,1,0,1,0,1,1,1,0,1,1,1,1,1,0,0,0,1,1,1,0,0,1,1,1,1,0,1,0,1,1,1,0,1,1,1
A062_2,0,0,0,1,0,1,0,1,1,1,0,0,0,0,1,1,1,1,0,1,1,1,1,0,0,0,1,1,1,1,0,1,1,1,1,0
A062_3,0,1,0,0,1,0,0,1,1,0,0,0,0,0,0,0,0,0,0,1,1,1,0,1,0,0,0,0,1,0,0,1,1,0,0,1
A062_4,0,0,1,0,0,0,0,0,0,1,1,0,0,0,0,0,0,1,0,0,0,1,0,0,0,0,0,0,0,0,0,1,0,1,1,0
A063_1,1,1,1,0,0,0,1,0,1,1,1,1,1,0,1,0,1,0,1,0,1,0,1,0,1,0,1,0,0,0,1,1,1,1,1,1
A063_2,1,0,1,1,1,0,1,1,1,1,1,1,1,0,1,0,1,1,1,0,0,0,1,0,1,0,1,1,1,0,1,1,1,1,1,1
A063_3,0,0,0,0,0,0,1,1,0,1,1,1,0,0,0,1,0,0,1,1,0,1,0,0,0,0,0,0,0,0,1,1,0,1,1,1
A063_4,0,1,0,0,0,0,0,0,1,1,0,1,0,0,0,0,0,0,1,0,0,1,0,0,0,1,0,0,0,0,0,1,0,1,0,1
A064_1,1,1,0,1,1,0,1,1,0,1,1,1,1,1,0,1,1,0,0,1,0,1,1,1,1,1,0,1,1,0,1,1,1,1,1,1
A064_2,0,1,1,0,0,0,1,1,1,1,1,1,0,0,0,0,0,0,1,0,1,1,1,1,0,1,1,0,0,0,1,1,1,1,1,1
A064_3,1,0,0,0,0,1,1,0,1,0,1,0,1,0,0,0,0,0,1,0,1,0,0,0,1,0,0,0,1,1,1,0,1,0,0,1
A064_4,1,0,0,1,0,0,0,0,1,1,0,0,1,0,0,1,0,0,0,0,0,1,0,0,1,0,0,1,0,0,0,0,1,1,0,0
A065_1,0,0,1,0,0,0,0,1,0,0,0,0,0,0,0,1,0,1,0,0,1,0,0,0,0,0,0,0,0,0,1,1,0,0,0,0
A065_2,0,0,0,0,0,0,1,1,0,0,0,1,0,0,1,0,0,0,1,1,1,0,1,0,1,0,1,0,0,0,0,1,1,0,0,1
A065_3,0,0,0,0,1,0,0,0,0,1,0,0,0,1,1,0,1,0,0,0,0,0,0,1,0,1,1,0,0,0,0,0,0,0,1,0
A065_4,0,0,0,0,0,0,0,0,1,0,1,0,1,0,0,0,1,0,0,0,0,0,0,0,0,0,0,0,0,0,0,0,0,0,0,0
A066_1,0,1,0,0,0,1,1,0,0,0,1,1,0,1,0,0,0,0,1,0,1,1,1,0,1,0,0,0,0,0,1,1,0,0,1,0
A066_2,1,0,0,0,1,0,0,0,1,0,0,1,1,0,0,1,0,0,0,1,0,1,0,1,1,0,0,0,1,0,1,1,1,0,0,1
A066_3,0,0,1,0,0,0,0,1,0,1,0,0,0,0,0,0,0,0,1,1,0,1,0,1,0,0,0,0,0,0,1,1,0,1,0,0
A066_4,0,0,0,0,0,0,0,0,0,0,0,0,0,0,0,0,1,0,0,0,1,0,1,0,0,0,0,1,0,0,1,0,0,0,0,0
A067_1,0,0,0,1,1,0,1,0,1,0,0,1,0,0,0,0,0,0,1,1,0,0,1,1,0,0,1,1,0,0,1,1,1,0,1,1
A067_2,1,0,0,0,0,0,0,0,0,1,0,0,0,0,1,0,0,1,0,1,0,1,0,0,1,0,0,0,0,0,0,1,0,1,0,0
A067_3,1,0,1,0,0,0,0,0,1,0,0,1,0,0,0,0,1,0,0,0,0,0,0,1,0,0,0,1,0,0,0,0,0,0,0,1
A067_4,0,0,0,0,0,0,0,0,0,0,0,0,1,0,0,0,0,1,0,1,0,0,0,1,0,0,0,0,0,0,0,1,0,0,0,0
A068_1,1,1,1,0,1,1,1,1,1,1,1,0,0,0,0,0,1,1,1,1,1,1,1,1,0,1,0,0,1,1,1,1,1,0,1,0
A068_2,1,0,1,0,0,0,1,0,1,1,0,1,0,0,0,0,0,0,0,0,0,1,0,1,1,0,1,1,0,0,1,1,1,1,0,1
A068_3,1,0,0,0,0,0,1,1,1,1,1,1,1,0,0,0,0,0,1,1,0,1,1,1,1,0,0,0,0,0,1,1,1,1,1,1
A068_4,1,0,0,1,1,0,0,1,1,0,0,0,0,0,0,0,0,0,1,1,1,0,0,1,0,0,0,1,1,0,0,1,1,0,0,1
A069_1,1,0,0,0,0,0,0,0,0,0,1,0,1,0,0,0,1,1,0,0,0,0,0,0,1,0,1,0,1,0,0,1,1,0,0,0
A069_2,0,0,0,0,0,0,0,1,0,0,0,1,0,0,0,1,1,0,0,0,1,0,0,0,0,1,0,0,1,0,0,1,1,0,0,1
A069_3,1,0,0,0,1,0,0,1,0,1,0,1,1,0,0,0,0,1,1,0,0,0,0,0,1,1,0,0,0,0,1,1,0,0,1,1
A069_4,0,1,0,0,0,0,0,1,0,0,0,1,0,1,0,0,1,1,0,0,0,0,0,0,0,1,0,0,0,0,0,0,0,0,0,0
A070_1,0,1,1,1,0,0,1,1,0,1,0,1,1,0,0,0,0,0,1,0,1,1,0,1,0,1,1,0,0,0,1,1,0,1,0,1
A070_2,0,1,0,0,0,0,1,1,1,0,1,0,1,0,0,0,0,0,1,0,0,0,0,0,0,1,0,0,0,0,1,1,1,0,1,0
A070_3,0,1,0,0,0,0,1,1,0,1,0,0,0,1,0,0,0,1,0,1,1,1,0,0,0,1,0,0,0,0,0,1,0,1,0,1
A070_4,0,0,0,1,0,0,0,0,0,1,0,0,0,0,0,0,0,0,0,0,1,0,0,1,0,0,0,0,1,0,1,0,0,1,0,1
A071_1,0,0,1,1,0,0,1,1,1,1,0,1,0,0,1,1,0,0,1,1,1,1,0,1,1,0,1,1,0,0,1,1,1,1,0,1
A071_2,1,0,0,0,0,0,1,1,1,1,0,1,1,0,0,1,0,0,1,1,1,1,0,1,1,0,1,0,0,0,1,1,1,1,1,1
A071_3,1,1,0,0,0,0,1,1,0,0,0,1,0,0,0,0,0,0,1,1,0,0,0,0,0,1,0,0,0,0,1,1,0,0,0,1
A071_4,0,0,0,0,0,0,1,0,1,0,1,0,0,0,0,0,0,1,1,0,1,0,1,1,0,1,0,0,0,1,1,0,1,1,1,0
A072_1,1,0,0,1,0,1,1,1,1,1,1,1,1,0,0,1,1,1,1,1,0,1,0,1,1,0,0,1,0,1,1,1,1,1,1,1
A072_2,0,1,1,0,1,1,1,1,1,1,1,0,0,1,1,0,0,0,1,1,1,0,1,0,0,1,1,0,1,1,1,1,1,1,0,1
A072_3,0,0,1,1,0,0,0,1,0,1,0,1,1,0,1,0,0,0,0,1,0,0,0,0,1,1,1,1,1,0,0,1,0,1,0,0
A072_4,1,0,1,0,1,0,1,1,1,0,0,1,1,0,1,1,1,0,1,1,0,0,1,0,1,0,1,0,1,0,0,0,1,0,0,1
A073_1,0,0,1,1,0,0,1,1,1,1,1,1,0,0,1,0,0,0,1,1,1,0,1,0,0,0,1,0,1,0,1,1,1,1,1,0
A073_2,1,0,0,1,0,0,1,0,0,1,1,1,0,0,0,1,0,0,1,0,0,1,0,1,0,0,0,1,0,0,1,1,1,1,1,1
A073_3,1,0,0,0,0,0,1,1,1,1,1,1,0,0,0,0,0,0,1,1,1,0,1,0,1,0,0,0,1,0,1,1,1,1,1,1
A073_4,1,0,0,1,0,1,1,1,1,0,1,1,0,0,0,1,1,1,1,1,1,0,1,1,0,0,1,0,1,1,1,1,1,0,1,1
A074_1,1,0,0,1,0,0,1,1,1,1,1,1,0,0,0,1,0,0,1,1,1,0,0,1,1,1,0,1,1,1,1,1,1,0,1,1
A074_2,0,0,1,1,0,0,1,0,1,1,0,1,0,0,0,1,0,0,1,0,0,1,1,1,0,0,1,1,0,0,1,0,1,1,1,1
A074_3,0,0,1,1,1,1,0,0,0,1,1,0,0,0,1,1,1,1,1,0,0,1,1,0,0,0,0,0,1,1,0,0,0,1,1,0
A074_4,0,0,1,0,1,0,0,0,1,1,0,0,0,0,1,0,1,0,1,0,1,1,0,0,0,1,1,0,0,0,0,0,1,1,0,1
A075_1,1,1,1,0,0,0,1,1,1,1,1,1,0,0,0,0,1,0,1,1,1,0,0,0,0,0,1,1,0,0,1,1,1,1,1,1
A075_2,0,0,1,0,0,1,1,1,1,1,1,0,0,0,1,0,0,0,0,1,1,1,0,0,0,0,1,0,0,1,1,1,1,0,1,0
A075_3,0,0,0,0,0,0,0,0,0,0,0,0,1,0,0,0,0,1,1,0,0,1,0,0,0,0,0,0,0,0,1,1,0,0,0,0
A075_4,0,1,0,0,1,0,0,0,1,0,0,0,0,0,0,0,0,0,0,1,1,0,0,0,1,1,0,0,0,1,1,0,1,1,0,0
A076_1,0,1,0,0,0,0,1,0,1,0,1,0,0,0,0,0,0,0,1,0,0,0,1,0,0,0,1,0,0,0,1,1,1,0,1,0
A076_2,0,0,0,0,0,0,0,0,1,1,0,1,0,0,0,0,1,0,0,1,0,0,0,1,0,0,0,0,0,0,0,1,0,1,0,0
A076_3,0,1,0,1,0,0,1,0,0,1,0,0,0,0,0,0,0,0,0,0,0,1,0,0,0,0,0,0,0,1,1,0,0,1,0,0
A076_4,0,0,0,0,0,0,0,1,0,0,0,0,0,0,0,0,0,0,0,1,0,0,0,0,0,0,0,0,0,0,0,1,1,0,0,1
A077_1,1,0,0,1,0,0,1,0,0,1,1,1,1,1,0,1,0,0,1,1,0,1,1,1,1,0,0,1,0,0,1,1,0,1,1,1
A077_2,1,0,0,0,0,0,0,0,1,1,1,1,1,0,1,1,1,0,1,0,1,1,1,0,0,0,0,0,0,0,0,0,0,1,1,1
A077_3,0,0,0,0,0,1,1,0,1,1,1,0,0,0,0,0,0,0,1,0,1,1,0,0,0,1,0,0,0,0,1,0,1,1,0,0
A077_4,0,0,1,1,0,1,0,0,1,1,0,1,0,0,1,0,1,0,0,0,1,1,1,1,0,0,1,0,1,0,0,1,1,1,0,1
A078_1,0,0,0,0,0,0,0,1,0,1,1,1,0,1,0,0,1,1,0,0,0,1,0,0,0,0,1,0,0,0,0,1,0,1,1,1
A078_2,1,0,0,0,0,0,0,1,1,1,1,1,1,0,1,1,1,0,0,1,1,0,0,0,0,0,1,0,1,0,0,1,1,1,1,0
A078_3,1,0,0,0,1,1,0,0,0,1,0,0,1,0,0,0,1,1,1,1,1,0,0,0,0,0,1,0,0,0,0,0,0,1,1,1
A078_4,0,0,0,0,0,0,0,0,1,0,0,1,0,0,0,0,0,0,0,0,0,0,0,1,0,1,0,0,0,0,0,0,0,0,0,1
A079_1,1,0,1,1,1,1,0,1,1,1,1,1,1,0,0,1,0,1,0,0,1,0,0,1,1,0,1,1,1,1,0,1,1,1,0,1
A079_2,1,1,0,0,0,0,1,0,1,0,1,0,0,0,0,0,0,0,1,0,1,1,1,0,1,0,0,0,0,1,1,0,1,0,1,0
A079_3,0,0,1,0,0,0,0,0,1,0,0,1,0,0,1,0,0,0,1,1,1,1,0,0,0,0,1,0,1,0,0,1,0,1,0,1
A079_4,0,0,0,0,1,0,1,1,1,0,0,1,0,0,0,0,0,0,0,0,1,0,0,0,0,0,0,0,0,0,0,0,1,0,0,1
A080_1,0,0,0,1,0,0,1,1,0,1,1,1,1,1,1,1,0,0,0,1,0,0,0,0,1,0,1,1,0,0,1,1,0,1,1,1
A080_2,0,0,1,0,0,0,1,1,1,1,0,0,0,0,1,0,0,0,1,1,1,1,1,0,0,0,1,0,1,0,1,1,1,1,0,1
A080_3,1,0,1,0,1,1,0,1,1,1,1,0,1,0,1,0,1,1,0,1,0,0,1,0,0,0,1,0,1,0,1,1,1,1,0,0
A080_4,1,1,0,0,1,0,1,0,0,0,0,0,1,1,0,0,0,0,1,1,0,0,1,1,1,0,0,0,0,0,1,0,0,0,0,1
A081_1,0,0,0,0,1,0,1,1,1,0,1,1,0,0,1,0,1,0,0,0,0,0,0,0,0,0,1,0,1,1,1,1,1,0,1,1
A081_2,1,0,0,1,0,0,0,1,1,1,0,1,0,0,0,0,0,0,0,1,1,1,0,1,1,0,0,1,0,0,0,1,1,1,0,1
A081_3,0,1,1,1,1,1,1,1,1,0,1,1,0,0,1,1,0,0,1,0,1,0,1,0,0,1,1,1,1,0,1,0,1,0,1,1
A081_4,0,0,1,0,0,1,0,1,1,0,0,1,0,1,1,0,1,1,0,1,1,0,0,1,1,0,1,0,1,1,1,1,1,0,0,1
A082_1,1,0,0,1,0,0,0,1,1,0,1,1,0,0,0,1,0,1,0,1,1,0,0,1,1,0,0,1,0,0,0,1,1,0,1,1
A082_2,0,0,0,0,1,1,1,1,1,1,1,1,0,1,1,0,1,0,1,1,1,1,1,0,1,1,1,0,1,1,1,0,1,0,1,1
A082_3,0,0,0,0,1,0,1,1,1,1,1,1,0,0,0,0,0,0,1,1,0,1,0,1,0,0,0,0,0,0,1,1,1,1,1,1
A082_4,0,0,1,0,0,0,1,1,0,1,0,1,0,1,1,0,1,0,0,0,1,1,0,0,0,1,1,0,0,0,0,1,0,1,0,1
A083_1,0,1,0,0,1,1,1,1,1,1,1,1,0,1,0,0,1,0,1,1,1,1,1,1,0,1,1,0,1,1,1,1,1,1,1,1
A083_2,0,0,0,1,0,0,1,0,1,1,1,1,0,1,0,1,0,0,0,1,0,1,1,0,0,1,1,1,0,0,1,1,1,1,1,1
A083_3,0,0,1,1,0,0,0,1,1,1,1,1,0,0,0,1,0,0,0,1,0,0,0,1,0,0,0,0,0,0,0,1,1,1,1,1
A083_4,1,1,1,0,1,0,0,0,1,0,1,1,1,0,1,0,1,0,0,1,1,0,0,1,1,0,1,1,1,0,0,1,1,1,1,1
A084_1,1,1,0,1,0,0,1,1,1,1,1,1,1,1,0,1,0,1,0,0,1,0,0,0,1,0,0,1,0,1,1,1,1,1,1,1
A084_2,1,0,1,0,0,0,1,0,1,1,0,1,0,0,0,0,1,0,0,0,0,1,0,1,0,1,0,0,0,0,1,1,1,1,1,1
A084_3,0,1,1,0,1,0,1,1,1,0,0,0,1,0,1,0,0,0,1,0,1,0,1,0,0,0,1,0,1,0,1,1,1,0,0,0
A084_4,0,0,0,0,1,1,0,1,1,1,0,0,1,0,1,0,1,1,0,0,0,1,0,1,0,0,1,0,1,1,0,1,1,1,0,0
A085_1,1,0,1,1,0,0,1,0,1,0,0,1,1,0,0,1,0,0,1,1,1,0,0,1,1,0,1,0,1,0,0,1,1,1,0,1
A085_2,0,0,1,1,1,0,1,1,1,1,1,1,0,0,1,1,1,0,1,1,1,1,1,0,0,0,1,1,1,0,1,0,1,1,1,1
A085_3,0,0,0,0,0,0,1,1,1,1,0,0,0,1,0,0,0,1,1,1,1,1,0,0,0,0,0,0,0,0,1,1,1,1,0,0
A085_4,0,1,0,0,0,1,1,0,1,1,0,0,0,1,0,0,0,1,0,0,1,0,0,0,0,1,1,0,0,0,1,0,1,0,0,1
A086_1,0,0,1,0,0,1,1,1,1,1,1,0,0,0,1,0,1,0,1,0,1,0,0,0,0,1,1,0,0,1,1,1,1,1,1,0
A086_2,1,0,1,0,0,0,0,1,1,1,1,1,1,0,0,1,1,0,0,0,0,0,1,0,1,1,1,0,1,0,0,1,1,1,1,1
A086_3,0,0,1,0,0,0,0,1,1,0,0,0,0,0,0,0,0,0,0,0,0,1,1,0,0,0,1,0,0,0,0,1,0,0,0,1
A086_4,0,0,0,1,0,0,1,1,0,0,0,0,0,0,0,0,0,0,1,0,0,0,0,0,0,0,0,0,0,0,1,1,0,1,0,0
A087_1,1,1,0,1,0,1,0,1,1,1,0,1,1,1,1,1,0,1,1,1,0,1,0,1,1,1,0,1,1,1,0,1,1,1,0,1
A087_2,1,1,1,1,0,0,1,1,1,1,1,1,1,0,1,1,1,0,0,1,1,1,0,0,1,1,1,1,0,0,1,1,1,1,1,1
A087_3,1,0,0,0,1,0,1,0,0,0,1,0,1,0,0,0,1,0,1,0,1,0,1,0,1,0,1,0,1,1,1,0,1,0,1,0
A087_4,0,1,0,0,0,0,1,1,1,0,1,0,0,1,0,1,0,0,1,1,1,0,1,0,0,1,0,0,0,0,1,1,1,1,1,0
A088_1,0,1,1,1,0,1,1,1,1,1,1,1,0,1,0,1,1,0,1,1,0,1,1,1,0,1,1,1,1,1,1,1,1,1,1,1
A088_2,1,1,1,1,1,1,1,1,1,1,1,1,1,1,1,1,0,1,1,1,1,1,0,1,1,1,1,1,1,1,1,1,1,1,1,1
A088_3,1,1,0,0,0,0,1,1,1,0,1,1,0,1,0,0,0,1,1,1,1,0,1,1,1,1,0,0,0,0,1,1,1,0,1,1
A088_4,1,1,0,1,1,1,1,1,1,1,1,1,1,1,0,1,0,1,1,1,0,1,1,1,1,1,0,1,0,1,1,1,1,1,1,1
A089_1,1,0,1,0,1,1,1,1,1,1,1,1,1,1,1,0,1,1,1,0,1,1,0,1,0,0,1,0,0,1,1,1,1,1,0,1
A089_2,0,1,1,0,0,0,1,1,1,1,1,0,0,1,1,0,0,0,1,1,1,1,1,0,0,1,1,0,0,0,1,1,1,1,1,0
A089_3,1,1,0,1,0,0,0,1,1,1,1,1,0,1,0,0,0,0,0,1,1,0,0,1,1,1,1,0,0,0,0,1,1,1,1,1
A089_4,0,1,0,1,0,1,0,1,0,1,1,1,0,1,0,0,1,0,0,1,1,1,0,1,0,1,0,0,1,1,0,1,0,1,1,1
A090_1,0,0,0,1,0,0,0,1,1,0,0,1,1,1,0,1,0,0,1,1,1,1,1,0,1,1,1,1,0,0,0,1,1,1,0,1
A090_2,0,1,0,0,0,0,1,0,1,0,0,1,0,1,0,0,0,0,1,1,1,0,0,0,0,1,1,0,0,0,1,1,1,1,0,0
A090_3,0,1,1,0,0,0,0,0,1,1,1,0,1,1,0,1,0,1,0,0,0,0,1,0,0,0,0,0,0,0,0,0,0,1,0,1
A090_4,1,1,0,0,1,1,1,0,0,0,0,0,0,0,0,0,0,0,1,0,0,0,0,0,0,0,0,0,0,0,0,0,1,0,1,0
A091_1,0,0,1,0,1,1,1,1,1,1,0,1,0,0,0,0,1,1,1,0,0,0,1,1,0,0,0,0,1,1,1,0,1,1,1,1
A091_2,0,1,1,0,0,1,1,1,0,1,0,0,0,0,1,0,0,0,1,1,0,0,0,0,0,0,0,0,0,0,1,1,0,1,1,0
A091_3,1,0,1,0,0,0,0,0,1,1,0,1,0,1,0,0,0,0,0,0,0,0,0,0,0,1,0,0,0,0,0,1,0,1,0,1
A091_4,0,0,0,0,0,1,0,1,0,0,0,1,1,0,0,0,0,1,0,0,0,0,1,1,0,0,0,0,0,1,0,1,0,0,0,1
A092_1,1,0,0,0,0,0,1,1,1,1,1,1,0,0,0,1,0,0,1,0,0,0,0,1,0,0,1,0,1,0,0,1,0,0,1,1
A092_2,0,0,0,0,0,0,0,1,1,1,0,0,0,0,0,0,1,0,0,0,1,1,0,0,0,1,0,0,0,0,0,1,1,1,0,0
A092_3,1,0,0,1,0,0,0,0,0,0,1,1,0,0,0,0,0,1,0,0,0,1,1,1,1,0,0,0,0,0,0,0,0,0,1,1
A092_4,1,0,0,0,1,0,0,1,0,1,0,0,1,0,0,0,0,0,0,1,0,0,1,1,0,0,1,0,0,0,0,1,1,1,0,0
A093_1,0,1,0,1,0,1,1,1,1,0,0,1,0,1,0,0,1,0,1,1,1,0,0,0,0,1,0,1,1,1,1,1,1,0,0,1
A093_2,0,0,0,0,0,0,1,1,1,1,1,1,1,0,0,0,0,0,1,1,1,1,1,1,0,0,0,0,0,0,1,1,1,1,1,1
A093_3,0,0,1,0,0,0,0,1,1,1,0,1,0,0,0,0,0,0,0,1,1,1,1,1,0,0,0,0,0,0,0,1,1,1,0,1
A093_4,0,1,0,0,0,0,1,1,0,1,1,1,0,0,0,0,0,0,0,1,0,1,1,1,0,0,0,0,0,0,1,1,0,1,1,1
A094_1,1,0,0,1,0,0,1,1,1,0,0,1,0,1,0,0,0,0,0,0,0,1,0,1,0,0,0,0,0,0,0,0,0,0,0,0
A094_2,0,0,0,0,0,0,1,1,1,0,0,0,0,0,0,0,0,0,0,1,1,0,1,0,0,0,0,0,1,1,1,1,0,1,1,0
A094_3,0,0,0,0,0,0,0,1,1,0,0,1,1,0,0,0,1,0,0,1,1,0,0,0,0,0,0,0,0,0,0,1,0,0,0,1
A094_4,0,0,0,0,0,0,0,0,1,0,0,0,0,0,0,0,0,0,0,1,1,0,0,1,0,1,0,0,0,0,0,0,0,1,0,0
A095_1,1,1,1,0,0,1,1,1,1,1,1,1,0,1,1,0,0,0,1,1,1,0,0,1,0,0,1,0,0,1,1,1,1,1,1,1
A095_2,0,0,0,0,0,0,1,1,1,1,1,1,1,1,0,1,0,0,0,0,0,1,0,1,0,0,0,0,0,0,1,1,1,1,0,1
A095_3,1,0,0,0,0,0,1,1,1,0,0,1,0,0,1,0,0,0,0,1,0,0,1,1,1,0,0,1,0,0,1,1,0,0,1,1
A095_4,1,0,0,0,0,0,0,1,0,1,1,1,1,0,0,0,0,0,1,1,1,0,1,0,1,0,0,0,0,0,0,0,0,0,1,1
A096_1,0,0,1,0,0,0,1,1,1,0,0,0,0,0,1,0,0,0,0,0,0,0,1,0,0,1,0,0,0,0,1,1,1,1,0,0
A096_2,0,0,1,0,0,0,1,1,1,0,1,0,0,0,0,0,0,0,0,1,0,0,1,0,0,0,0,0,1,0,1,1,1,1,0,0
A096_3,0,0,0,0,0,0,0,0,0,1,0,0,0,0,0,0,0,1,0,0,0,1,0,0,0,0,1,0,1,0,0,0,0,0,0,1
A096_4,0,1,0,0,0,1,0,0,0,1,0,0,0,1,1,0,1,0,0,0,1,1,0,0,0,0,0,0,0,0,0,0,0,0,0,0
A097_1,1,0,0,0,0,0,1,0,0,1,0,1,0,0,1,0,0,0,1,0,0,1,1,0,0,0,0,0,0,1,1,1,1,1,1,1
A097_2,0,0,0,1,0,0,1,0,1,0,0,1,0,0,1,1,1,0,0,0,1,0,0,1,1,0,1,1,1,0,0,1,1,0,0,0
A097_3,0,0,0,1,0,0,1,0,1,0,1,1,0,1,0,0,0,1,1,1,1,0,1,0,0,1,0,0,0,0,1,1,1,0,1,1
A097_4,1,0,0,1,0,0,1,1,0,0,0,0,1,1,1,1,0,1,1,0,0,0,0,0,1,0,0,1,0,0,0,0,0,1,0,1
A098_1,0,1,1,0,0,0,0,1,1,1,1,1,1,0,1,0,1,0,0,0,1,0,1,1,0,1,1,0,0,0,1,1,1,1,1,1
A098_2,1,0,0,0,0,1,1,0,1,0,0,1,1,0,1,0,0,1,1,0,1,0,1,1,1,0,1,0,1,1,1,0,1,0,0,1
A098_3,0,0,0,0,1,0,1,1,1,1,1,0,0,0,0,0,1,0,1,1,1,0,1,1,0,0,0,0,1,1,1,1,1,1,1,1
A098_4,0,1,0,0,0,0,0,1,1,0,0,0,0,0,0,0,0,0,0,1,1,0,0,0,0,1,0,0,0,0,0,1,1,0,0,0
A099_1,1,0,0,1,1,1,0,1,1,1,1,1,1,0,1,0,1,1,1,1,0,1,0,1,1,0,1,0,1,1,0,1,1,1,1,1
A099_2,0,1,0,0,0,0,1,1,1,1,1,1,1,1,0,0,0,0,1,1,1,0,1,1,0,1,0,1,0,0,0,1,1,1,1,1
A099_3,0,1,1,0,0,0,1,1,0,1,1,1,0,0,0,0,0,0,0,1,0,1,1,0,0,0,1,0,1,0,1,1,0,1,1,1
A099_4,0,1,1,0,0,1,0,1,1,1,1,1,0,1,1,0,0,0,1,1,1,1,1,1,0,1,1,0,0,1,1,1,1,1,1,1
A100_1,1,0,0,1,0,0,1,0,0,1,1,1,1,1,0,0,0,0,0,1,0,0,0,1,1,0,0,0,0,0,1,1,0,1,1,1
A100_2,0,1,1,0,0,1,1,1,1,0,1,1,0,1,0,0,0,0,1,1,1,0,1,1,0,1,1,0,0,1,1,1,1,1,1,1
A100_3,0,0,1,0,1,0,0,1,1,1,1,1,0,0,1,1,1,0,0,1,1,1,1,1,0,0,1,0,0,0,0,1,1,1,0,1
A100_4,0,0,0,0,0,0,1,1,0,1,1,1,0,0,0,0,0,0,1,0,0,1,1,1,0,0,0,0,0,0,1,1,0,1,0,1
A101_1,1,0,0,0,1,1,0,1,0,1,0,1,0,0,1,0,1,0,0,0,0,0,1,0,1,0,0,0,0,1,0,1,1,0,1,1
A101_2,0,1,1,0,0,0,0,1,1,0,0,1,0,0,0,0,1,1,0,1,0,1,0,0,0,0,0,0,0,0,0,0,1,0,1,0
A101_3,0,0,0,0,0,0,0,0,0,0,1,0,0,0,0,1,1,0,0,0,0,0,0,0,0,1,0,0,0,0,0,0,0,0,1,0
A101_4,1,0,1,0,1,0,1,0,0,0,0,1,0,0,1,1,1,0,0,0,1,1,0,0,1,0,0,0,1,0,1,0,0,0,0,0
A102_1,0,0,1,0,0,0,0,0,1,1,0,1,0,0,1,0,1,0,0,1,0,1,0,0,0,0,1,0,1,0,1,1,1,1,0,1
A102_2,0,0,1,0,0,0,1,1,1,1,1,1,0,0,1,0,0,0,1,1,1,1,1,1,0,1,1,0,0,0,1,1,1,1,1,1
A102_3,0,0,0,0,1,0,0,0,1,1,0,1,1,0,0,0,0,0,0,0,0,1,0,1,0,0,0,0,1,1,0,1,1,1,1,1
A102_4,1,0,0,0,0,0,0,1,0,0,1,1,0,0,0,0,0,0,1,1,0,0,1,1,1,0,0,0,0,0,0,1,0,1,1,1
A103_1,1,0,1,1,0,1,1,0,1,1,1,1,0,0,1,1,0,0,1,1,1,1,1,0,1,1,1,1,0,1,1,0,1,1,1,1
A103_2,0,0,0,1,0,0,0,1,1,0,0,1,0,0,1,1,0,0,0,1,0,0,0,1,0,0,1,0,0,0,0,1,1,0,0,1
A103_3,0,0,1,0,0,1,0,1,0,1,0,0,0,0,1,0,0,0,0,0,0,1,0,0,0,0,1,0,1,1,0,1,0,1,1,0
A103_4,1,0,0,1,0,0,1,0,0,1,0,0,1,0,0,1,1,0,1,0,0,1,0,0,1,0,0,1,0,0,1,0,0,1,0,0
A104_1,1,1,1,1,0,0,1,1,1,1,1,1,1,1,0,0,0,0,1,1,1,0,1,1,1,1,0,1,0,0,1,1,0,1,1,1
A104_2,0,0,1,0,0,0,1,1,1,1,1,1,1,0,1,0,0,0,1,0,1,0,0,0,0,0,1,0,1,0,1,1,1,1,1,1
A104_3,0,1,1,0,1,0,0,0,1,0,0,0,0,0,1,0,1,0,0,0,1,0,0,0,1,1,1,0,1,1,1,1,1,0,0,1
A104_4,0,0,0,0,0,0,1,1,0,0,0,0,0,0,0,0,0,0,0,0,0,0,0,0,0,0,0,1,0,0,0,0,0,0,0,1
A105_1,0,1,1,1,0,1,1,0,1,0,1,1,1,0,1,1,0,0,1,0,1,0,0,0,1,0,0,1,1,1,1,0,1,0,1,1
A105_2,1,0,0,1,0,1,1,1,1,1,0,1,1,1,0,1,1,1,1,0,1,1,0,1,1,0,1,0,0,1,1,1,1,1,0,1
A105_3,0,1,1,1,0,0,0,1,0,1,0,0,0,1,1,0,0,0,0,1,0,1,0,0,0,1,1,1,0,0,0,1,0,1,0,0
A105_4,1,0,0,0,1,1,0,1,1,0,0,1,0,0,0,1,0,1,1,1,0,1,0,1,1,1,0,0,0,1,1,1,1,0,0,1
A106_1,0,1,1,0,0,1,1,1,1,0,1,0,0,1,1,0,0,0,1,0,1,1,1,0,0,1,1,0,0,1,1,0,1,1,1,0
A106_2,1,0,1,0,0,0,1,1,1,1,1,0,1,0,0,0,1,1,1,0,0,1,0,1,1,0,0,0,0,1,1,0,0,1,0,0
A106_3,1,0,0,1,0,1,0,1,1,0,0,1,1,0,0,1,0,1,0,1,1,0,0,1,1,0,0,1,0,1,1,1,1,0,0,1
A106_4,1,0,1,1,0,0,1,1,0,1,1,1,1,1,1,1,0,0,1,1,0,1,0,0,1,1,1,1,0,0,0,1,1,1,1,1
A107_1,0,0,0,0,0,0,0,1,0,1,0,1,0,1,0,0,0,0,0,0,0,0,0,1,1,0,0,0,0,1,1,1,0,0,0,1
A107_2,0,0,0,0,0,0,0,1,0,0,0,1,1,0,1,1,0,0,0,0,0,0,0,1,0,0,0,0,0,0,0,1,0,0,0,0
A107_3,1,0,0,0,0,0,1,1,1,1,0,0,0,0,0,0,0,0,0,1,0,0,0,0,0,0,0,0,0,0,0,1,0,0,0,1
A107_4,0,0,0,0,0,0,0,0,0,0,1,0,1,1,0,0,0,0,1,1,0,0,0,0,0,0,0,0,0,0,0,0,1,0,0,1
A108_1,0,0,1,1,0,0,0,0,0,0,0,0,0,0,0,0,0,0,0,1,1,0,1,0,1,0,1,1,1,0,0,1,1,0,1,0
A108_2,0,0,0,1,0,0,1,1,1,0,0,1,0,1,0,1,0,0,0,1,0,0,0,0,0,0,0,1,0,0,1,1,0,0,0,1
A108_3,0,1,1,0,0,0,1,1,1,0,0,0,0,1,1,0,1,0,0,1,1,0,0,0,0,1,1,0,1,1,1,1,1,1,0,1
A108_4,0,0,0,0,0,0,0,0,0,1,0,1,0,0,1,0,0,0,0,0,0,0,0,0,0,0,0,0,0,0,0,0,0,1,0,1
A109_1,0,0,0,0,0,0,0,1,1,0,1,1,0,0,1,0,0,0,0,1,0,0,0,1,0,0,0,0,0,0,1,1,1,0,0,1
A109_2,1,0,0,0,0,0,0,0,1,0,1,0,0,0,0,0,0,0,0,0,0,1,0,0,1,1,0,0,0,0,0,0,1,0,0,1
A109_3,0,0,0,0,0,0,1,0,1,1,1,0,1,0,0,0,0,0,1,0,1,0,1,1,0,0,0,0,0,0,1,0,1,0,1,0
A109_4,0,0,0,0,0,0,0,0,0,1,0,0,0,1,0,0,0,1,0,0,0,1,1,0,0,0,0,0,0,1,0,0,0,1,0,0
